F,DT,T,tau1,tau2,tau3,tau4,tau5,tau6,tau7,con_x,con_y,con_z
0,0.016666,0.0166660007089376,-0.564662396907806,-12.584451675415,1.20852875709534,17.5562591552734,1.03096401691437,2.58995747566223,0.0257957726716995,-3.23415835197733,-0.166407978624797,0.526049509597618
0,0.0166679,0.0333339013159275,-0.540858685970306,-12.4614658355713,1.20852875709534,17.0325775146484,1.04835903644562,2.51854634284973,0.0129783898591995,-3.12460107734035,-0.0683366309396748,0.419054060430553
0,0.016667,0.0500009004026651,-0.513087689876556,-12.53684425354,1.23629975318909,17.1317596435547,1.05476772785187,2.53777241706848,0.0450218468904495,-3.07593957514692,-0.10220642464688,0.402162922110539
0,0.016667,0.0666678994894028,-0.564662396907806,-12.8819980621338,1.20852875709534,17.7546234130859,1.04286587238312,2.69524312019348,0.000161007046699524,-3.36849022794665,-0.186402287162039,0.562179532601189
0,0.0166671,0.0833349991589785,-0.564662396907806,-12.8819980621338,1.20852875709534,17.7546234130859,1.04286587238312,2.69524312019348,0.000161007046699524,-3.36849022794665,-0.186402287162039,0.562179532601189
0,0.0166667,0.100001698359847,-0.465480268001556,-12.6836338043213,1.23629975318909,17.7030487060547,1.03645718097687,2.64946675300598,0.0450218468904495,-3.32863227992707,-0.0665489290502416,0.455794946199149
0,0.0166666,0.116668298840523,-0.489283978939056,-12.6360263824463,1.20852875709534,17.2309417724609,1.04286587238312,2.62291646003723,0.0193870812654495,-3.33202480066689,-0.0578818000650975,0.41069269062741
0,0.016667,0.13333529792726,-0.489283978939056,-12.6360263824463,1.20852875709534,17.2309417724609,1.04286587238312,2.62291646003723,0.0193870812654495,-3.33202480066689,-0.0578818000650975,0.41069269062741
0,0.0166668,0.150002097710967,-0.540858685970306,-12.6082553863525,1.26010346412659,17.1079559326172,1.06666958332062,2.58354878425598,0.0450218468904495,-3.30860620329452,0.00467232238456664,0.496101849050978
0,0.0166667,0.166668796911836,-0.540858685970306,-12.6082553863525,1.26010346412659,17.1079559326172,1.06666958332062,2.58354878425598,0.0450218468904495,-3.30860620329452,0.00467232238456664,0.496101849050978
0,0.016667,0.183335795998573,-0.540858685970306,-12.6082553863525,1.26010346412659,17.1079559326172,1.06666958332062,2.58354878425598,0.0450218468904495,-3.30860620329452,0.00467232238456664,0.496101849050978
0,0.0166671,0.200002895668149,-0.540858685970306,-12.9296054840088,1.26010346412659,17.7546234130859,1.06666958332062,2.66228413581848,0.0193870812654495,-3.68989106313319,-0.0109573124896662,0.561037679709529
0,0.0166669,0.216669796034694,-0.540858685970306,-12.9296054840088,1.26010346412659,17.7546234130859,1.06666958332062,2.66228413581848,0.0193870812654495,-3.68989106313319,-0.0109573124896662,0.561037679709529
0,0.0166674,0.233337195590138,-0.540858685970306,-12.9296054840088,1.26010346412659,17.7546234130859,1.06666958332062,2.66228413581848,0.0193870812654495,-3.68989106313319,-0.0109573124896662,0.561037679709529
0,0.0166668,0.250003995373845,-0.489283978939056,-12.8819980621338,1.26010346412659,17.5562591552734,1.06026089191437,2.63573384284973,0.00656969845294952,-3.42198763917905,0.0602936909634019,0.678993278639586
0,0.0166669,0.26667089574039,-0.489283978939056,-12.8819980621338,1.26010346412659,17.5562591552734,1.06026089191437,2.63573384284973,0.00656969845294952,-3.42198763917905,0.0602936909634019,0.678993278639586
0,0.0166666,0.283337496221066,-0.489283978939056,-12.9573764801025,1.26010346412659,17.7030487060547,1.06026089191437,2.71446919441223,0.0386131554841995,-3.54452566902443,0.0205365221940731,0.705739633030769
0,0.0166674,0.30000489577651,-0.588466107845306,-12.5606479644775,1.23629975318909,17.1079559326172,1.09047329425812,2.55058979988098,0.0257957726716995,-3.66592889241275,-0.0339071828294835,0.624624635227405
0,0.0166663,0.316671196371317,-0.588466107845306,-12.5606479644775,1.23629975318909,17.1079559326172,1.09047329425812,2.55058979988098,0.0257957726716995,-3.66592889241275,-0.0339071828294835,0.624624635227405
0,0.0166669,0.333338096737862,-0.513087689876556,-12.584451675415,1.20852875709534,17.4570770263672,1.06666958332062,2.64305806159973,0.0193870812654495,-3.65052465919244,-0.148822465000344,0.752842796627997
0,0.016667,0.350005095824599,-0.513087689876556,-12.584451675415,1.20852875709534,17.4570770263672,1.06666958332062,2.64305806159973,0.0193870812654495,-3.65052465919244,-0.148822465000344,0.752842796627997
0,0.0166671,0.366672195494175,-0.540858685970306,-12.7074375152588,1.23629975318909,17.5800628662109,1.07857143878937,2.64946675300598,0.0257957726716995,-3.54527845243886,-0.108925197838732,0.697770773123583
0,0.0166669,0.38333909586072,-0.588466107845306,-12.584451675415,1.10934662818909,17.1595306396484,1.10786831378937,2.60369038581848,0.0257957726716995,-3.47843476128916,-0.0648719420538301,0.620140858319645
0,0.0166672,0.400006296113133,-0.588466107845306,-12.584451675415,1.10934662818909,17.1595306396484,1.10786831378937,2.60369038581848,0.0257957726716995,-3.47843476128916,-0.0648719420538301,0.620140858319645
0,0.0166669,0.416673196479678,-0.663844525814056,-12.7828159332275,1.13315033912659,17.5324554443359,1.10237514972687,2.66228413581848,0.0450218468904495,-3.60983919322422,-0.293589184184813,1.07208435118487
0,0.0166668,0.433339996263385,-0.663844525814056,-12.7828159332275,1.13315033912659,17.5324554443359,1.10237514972687,2.66228413581848,0.0450218468904495,-3.60983919322422,-0.293589184184813,1.07208435118487
0,0.0166666,0.450006596744061,-0.663844525814056,-12.7828159332275,1.13315033912659,17.5324554443359,1.10237514972687,2.66228413581848,0.0450218468904495,-3.60983919322422,-0.293589184184813,1.07208435118487
0,0.0166667,0.466673295944929,-0.612269818782806,-12.362283706665,1.16092133522034,17.0841522216797,1.09047329425812,2.57714009284973,0.0129783898591995,-3.47058385721228,-0.189867915602704,0.43853483256251
0,0.0166672,0.483340496197343,-0.513087689876556,-12.40989112854,1.23629975318909,17.3063201904297,1.06666958332062,2.61009907722473,-0.0126563757658005,-3.30891750107053,-0.071687051398643,0.248943117057018
0,0.0166669,0.500007396563888,-0.513087689876556,-12.40989112854,1.23629975318909,17.3063201904297,1.06666958332062,2.61009907722473,-0.0126563757658005,-3.30891750107053,-0.071687051398643,0.248943117057018
0,0.0166669,0.516674296930432,-0.588466107845306,-12.4852695465088,1.20852875709534,17.4570770263672,1.10786831378937,2.64305806159973,0.0257957726716995,-3.61050845181378,-0.326136714614731,0.704093747323606
0,0.0166672,0.533341497182846,-0.588466107845306,-12.4852695465088,1.20852875709534,17.4570770263672,1.10786831378937,2.64305806159973,0.0257957726716995,-3.61050845181378,-0.326136714614731,0.704093747323606
0,0.0166669,0.550008397549391,-0.564662396907806,-12.2154941558838,1.16092133522034,17.4808807373047,1.09047329425812,2.65587544441223,-0.0126563757658005,-3.3607557543322,-0.24879796573688,0.491891715635525
0,0.0166665,0.566674897447228,-0.564662396907806,-12.2154941558838,1.16092133522034,17.4808807373047,1.09047329425812,2.65587544441223,-0.0126563757658005,-3.3607557543322,-0.24879796573688,0.491891715635525
0,0.0166672,0.583342097699642,-0.564662396907806,-12.2154941558838,1.16092133522034,17.4808807373047,1.09047329425812,2.65587544441223,-0.0126563757658005,-3.3607557543322,-0.24879796573688,0.491891715635525
0,0.0166668,0.600008897483349,-0.640040814876556,-11.8941440582275,1.13315033912659,16.8619842529297,1.06666958332062,2.55058979988098,-0.0126563757658005,-3.39488237953115,-0.239050178872164,0.405677558472973
0,0.0166666,0.616675497964025,-0.564662396907806,-12.2392978668213,1.23629975318909,17.2825164794922,1.10786831378937,2.58995747566223,0.0193870812654495,-3.35195409620028,-0.346215131605691,0.636600145610973
0,0.016667,0.633342497050762,-0.564662396907806,-12.2392978668213,1.23629975318909,17.2825164794922,1.10786831378937,2.58995747566223,0.0193870812654495,-3.35195409620028,-0.346215131605691,0.636600145610973
0,0.0166668,0.650009296834469,-0.612269818782806,-12.2631015777588,1.05777192115784,17.5800628662109,1.11977016925812,2.65587544441223,-0.0126563757658005,-3.68601337038592,-0.406095262256189,0.620203873208559
0,0.0166668,0.666676096618176,-0.513087689876556,-12.2392978668213,1.26010346412659,17.5800628662109,1.08406460285187,2.65587544441223,-0.0446998327970505,-3.57995525612428,-0.327219084953393,0.468627855657597
0,0.0166671,0.683343196287751,-0.513087689876556,-12.2392978668213,1.26010346412659,17.5800628662109,1.08406460285187,2.65587544441223,-0.0446998327970505,-3.57995525612428,-0.327219084953393,0.468627855657597
0,0.0166668,0.700009996071458,-0.663844525814056,-12.2631015777588,1.18472504615784,17.6038665771484,1.09047329425812,2.68151021003723,-0.0318824499845505,-3.56001079197629,-0.353307016340102,0.948593327866661
0,0.0166673,0.71667729690671,-0.612269818782806,-12.0885410308838,1.23629975318909,17.3816986083984,1.08406460285187,2.63573384284973,-0.0382911413908005,-3.77212596654339,-0.443729298318848,0.702965471867842
0,0.0166669,0.733344197273254,-0.612269818782806,-12.0885410308838,1.23629975318909,17.3816986083984,1.08406460285187,2.63573384284973,-0.0382911413908005,-3.77212596654339,-0.443729298318848,0.702965471867842
0,0.016667,0.750011196359992,-0.564662396907806,-12.1163120269775,1.16092133522034,17.4055023193359,1.09047329425812,2.65587544441223,-0.0446998327970505,-3.59804710058955,-0.446116123440548,0.756418923502607
0,0.0166665,0.76667769625783,-0.564662396907806,-12.1163120269775,1.16092133522034,17.4055023193359,1.09047329425812,2.65587544441223,-0.0446998327970505,-3.59804710058955,-0.446116123440548,0.756418923502607
0,0.0167288,0.783406496047974,-0.540858685970306,-12.0171298980713,1.23629975318909,17.5046844482422,1.07857143878937,2.64946675300598,-0.0575172156095505,-3.75249313043573,-0.515611463596985,0.608186579617772
0,0.0166669,0.800073396414518,-0.540858685970306,-12.0171298980713,1.23629975318909,17.5046844482422,1.07857143878937,2.64946675300598,-0.0575172156095505,-3.75249313043573,-0.515611463596985,0.608186579617772
0,0.0166668,0.816740196198225,-0.540858685970306,-12.0171298980713,1.23629975318909,17.5046844482422,1.07857143878937,2.64946675300598,-0.0575172156095505,-3.75249313043573,-0.515611463596985,0.608186579617772
0,0.0166673,0.833407497033477,-0.513087689876556,-12.2869052886963,1.28390717506409,17.6038665771484,1.07216274738312,2.68151021003723,-0.0639259070158005,-3.612473366731,-0.421742760115546,0.755047780495904
0,0.0166666,0.850074097514153,-0.513087689876556,-12.2869052886963,1.28390717506409,17.6038665771484,1.07216274738312,2.68151021003723,-0.0639259070158005,-3.612473366731,-0.421742760115546,0.755047780495904
0,0.0166672,0.866741297766566,-0.513087689876556,-12.0647373199463,1.23629975318909,17.5046844482422,1.07857143878937,2.66228413581848,-0.0382911413908005,-3.40003908064523,-0.421798027660863,0.500139050752321
0,0.0166667,0.883407996967435,-0.564662396907806,-12.2154941558838,1.33548188209534,17.4808807373047,1.06026089191437,2.66869282722473,-0.0446998327970505,-3.38120026091522,-0.36355243213751,0.56448918578742
0,0.0166672,0.900075197219849,-0.564662396907806,-12.2154941558838,1.33548188209534,17.4808807373047,1.06026089191437,2.66869282722473,-0.0446998327970505,-3.38120026091522,-0.36355243213751,0.56448918578742
0,0.0166668,0.916741997003555,-0.489283978939056,-12.0647373199463,1.38308930397034,17.3301239013672,1.06026089191437,2.62291646003723,-0.0639259070158005,-3.35174484195622,-0.253187059353447,0.343819502456996
0,0.0166668,0.933408796787262,-0.489283978939056,-12.0647373199463,1.38308930397034,17.3301239013672,1.06026089191437,2.62291646003723,-0.0639259070158005,-3.35174484195622,-0.253187059353447,0.343819502456996
0,0.0166675,0.950076296925545,-0.437709271907806,-12.0885410308838,1.33548188209534,17.4808807373047,1.05476772785187,2.62932515144348,-0.0382911413908005,-3.32292687081596,-0.360916423423204,0.314395534376179
0,0.0166662,0.966742496937513,-0.540858685970306,-12.0885410308838,1.30771088600159,17.3301239013672,1.07216274738312,2.61009907722473,-0.0254737585783005,-3.3098816083757,-0.335774887523474,0.283759193665803
0,0.0166669,0.983409397304058,-0.540858685970306,-12.0885410308838,1.30771088600159,17.3301239013672,1.07216274738312,2.61009907722473,-0.0254737585783005,-3.3098816083757,-0.335774887523474,0.283759193665803
0,0.0166669,1.0000762976706,-0.564662396907806,-12.140115737915,1.20852875709534,17.3301239013672,1.07216274738312,2.62932515144348,-0.0190650671720505,-3.13216802878386,-0.318790532258987,0.308568893042457
0,0.0166669,1.01674319803715,-0.513087689876556,-11.9893589019775,1.20852875709534,17.3578948974609,1.06666958332062,2.62932515144348,-0.0318824499845505,-3.23494460845809,-0.292976775590109,0.273139342208217
0,0.0166683,1.0334114972502,-0.513087689876556,-11.9893589019775,1.20852875709534,17.3578948974609,1.06666958332062,2.62932515144348,-0.0318824499845505,-3.23494460845809,-0.292976775590109,0.273139342208217
0,0.0166661,1.05007759667933,-0.489283978939056,-12.0171298980713,1.23629975318909,17.3816986083984,1.05476772785187,2.61009907722473,-0.0126563757658005,-3.149471511772,-0.189155724914285,0.205297956789941
0,0.0166668,1.06674439646304,-0.413905560970306,-12.0409336090088,1.28390717506409,17.4570770263672,1.05476772785187,2.62291646003723,-0.0511085242033005,-3.15995487096656,-0.184009128090026,0.250707719930096
0,0.0166668,1.08341119624674,-0.413905560970306,-12.0409336090088,1.28390717506409,17.4570770263672,1.05476772785187,2.62291646003723,-0.0511085242033005,-3.15995487096656,-0.184009128090026,0.250707719930096
0,0.0166666,1.10007779672742,-0.564662396907806,-11.96555519104,1.18472504615784,17.4055023193359,1.07216274738312,2.60369038581848,-0.0575172156095505,-2.9716703011891,-0.241127241748201,0.149590224089945
0,0.0166669,1.11674469709396,-0.540858685970306,-11.96555519104,1.28390717506409,17.4055023193359,1.04835903644562,2.60369038581848,-0.0126563757658005,-3.06946055702428,-0.134505125346805,0.150124990767551
0,0.0166669,1.13341159746051,-0.540858685970306,-11.96555519104,1.28390717506409,17.4055023193359,1.04835903644562,2.60369038581848,-0.0126563757658005,-3.06946055702428,-0.134505125346805,0.150124990767551
0,0.0166673,1.15007889829576,-0.489283978939056,-12.0171298980713,1.20852875709534,17.4055023193359,1.06666958332062,2.61009907722473,-0.0254737585783005,-2.94829910209473,-0.207914538682915,0.276425943769495
0,0.0166664,1.16674529761076,-0.540858685970306,-12.0647373199463,1.18472504615784,17.4570770263672,1.06666958332062,2.59636616706848,-0.0382911413908005,-2.94645730248654,-0.212460659164515,0.291826616984751
0,0.016667,1.1834122966975,-0.540858685970306,-12.0647373199463,1.18472504615784,17.4570770263672,1.06666958332062,2.59636616706848,-0.0382911413908005,-2.94645730248654,-0.212460659164515,0.291826616984751
0,0.0166671,1.20007939636707,-0.540858685970306,-11.9893589019775,1.26010346412659,17.5324554443359,1.06666958332062,2.59636616706848,-0.0254737585783005,-2.97456236304547,-0.212540424849211,0.279703860816993
0,0.016667,1.21674639545381,-0.489283978939056,-12.0409336090088,1.20852875709534,17.4808807373047,1.06026089191437,2.58995747566223,0.000161007046699524,-2.94414623474103,-0.163141549621558,0.30387228588387
0,0.0166672,1.23341359570622,-0.489283978939056,-12.0409336090088,1.20852875709534,17.4808807373047,1.06026089191437,2.58995747566223,0.000161007046699524,-2.94414623474103,-0.163141549621558,0.30387228588387
0,0.0166668,1.25008039548993,-0.540858685970306,-12.0409336090088,1.26010346412659,17.6038665771484,1.06026089191437,2.61009907722473,-0.0318824499845505,-2.84276334217917,-0.114449590897136,0.354884936307083
0,0.0166683,1.26674869470298,-0.540858685970306,-12.0409336090088,1.26010346412659,17.6038665771484,1.06026089191437,2.61009907722473,-0.0318824499845505,-2.84276334217917,-0.114449590897136,0.354884936307083
0,0.016666,1.28341469541192,-0.513087689876556,-12.0409336090088,1.23629975318909,17.5324554443359,1.05476772785187,2.60369038581848,-0.0446998327970505,-2.82112355078945,-0.101850678216824,0.364795148086799
0,0.0166669,1.30008159577847,-0.437709271907806,-12.0647373199463,1.23629975318909,17.5324554443359,1.05476772785187,2.59636616706848,-0.0382911413908005,-2.70118118353018,-0.0554835194226245,0.30361414340302
0,0.0166668,1.31674839556217,-0.437709271907806,-12.0647373199463,1.23629975318909,17.5324554443359,1.05476772785187,2.59636616706848,-0.0382911413908005,-2.70118118353018,-0.0554835194226245,0.30361414340302
0,0.0166669,1.33341529592872,-0.513087689876556,-12.0409336090088,1.23629975318909,17.6316375732422,1.05476772785187,2.61009907722473,-0.0126563757658005,-2.71661318179274,-0.0860947772281771,0.456110897436034
0,0.0166677,1.35008299537003,-0.465480268001556,-11.9893589019775,1.28390717506409,17.5324554443359,1.06026089191437,2.60369038581848,-0.0382911413908005,-2.70767997667004,-0.050029766799952,0.442820944483863
0,0.0166664,1.36674939468503,-0.465480268001556,-11.9893589019775,1.28390717506409,17.5324554443359,1.06026089191437,2.60369038581848,-0.0382911413908005,-2.70767997667004,-0.050029766799952,0.442820944483863
0,0.0166668,1.38341619446874,-0.540858685970306,-12.0171298980713,1.23629975318909,17.5562591552734,1.06026089191437,2.59636616706848,-0.0190650671720505,-2.68355635783032,-0.0457682477694491,0.456283451025415
0,0.0166669,1.40008309483528,-0.540858685970306,-12.0171298980713,1.23629975318909,17.5562591552734,1.06026089191437,2.59636616706848,-0.0190650671720505,-2.68355635783032,-0.0457682477694491,0.456283451025415
0,0.016667,1.41675009392202,-0.540858685970306,-11.9893589019775,1.23629975318909,17.5562591552734,1.04835903644562,2.59636616706848,-0.0254737585783005,-2.68137362897013,-0.0125714688395058,0.438473725823668
0,0.0166666,1.43341669440269,-0.489283978939056,-11.9893589019775,1.23629975318909,17.5800628662109,1.05476772785187,2.58354878425598,-0.0511085242033005,-2.6929924365813,0.0484832176425789,0.433648759816645
0,0.0166669,1.45008359476924,-0.489283978939056,-11.9893589019775,1.23629975318909,17.5800628662109,1.05476772785187,2.58354878425598,-0.0511085242033005,-2.6929924365813,0.0484832176425789,0.433648759816645
0,0.0166669,1.46675049513578,-0.489283978939056,-11.9893589019775,1.26010346412659,17.5324554443359,1.06026089191437,2.58995747566223,-0.0126563757658005,-2.65238994929824,-0.173970638514902,0.371983459403158
0,0.0166672,1.4834176953882,-0.489283978939056,-11.9893589019775,1.26010346412659,17.5324554443359,1.06026089191437,2.58995747566223,-0.0126563757658005,-2.65238994929824,-0.173970638514902,0.371983459403158
0,0.0166665,1.50008419528604,-0.540858685970306,-12.0171298980713,1.26010346412659,17.5324554443359,1.04835903644562,2.58995747566223,-0.00624768435955048,-2.65408647259273,-0.17199743876558,0.37636325936465
0,0.016846,1.51693019457161,-0.513087689876556,-11.9417514801025,1.18472504615784,17.4332733154297,1.05476772785187,2.57714009284973,-0.0382911413908005,-2.66170960142018,-0.174349154949499,0.25472700147272
0,0.0166669,1.53359709493816,-0.513087689876556,-11.9417514801025,1.18472504615784,17.4332733154297,1.05476772785187,2.57714009284973,-0.0382911413908005,-2.66170960142018,-0.174349154949499,0.25472700147272
0,0.0166669,1.5502639953047,-0.513087689876556,-11.9417514801025,1.18472504615784,17.4332733154297,1.05476772785187,2.57714009284973,-0.0382911413908005,-2.66170960142018,-0.174349154949499,0.25472700147272
0,0.016667,1.56693099439144,-0.564662396907806,-11.9417514801025,1.26010346412659,17.4332733154297,1.06666958332062,2.57073140144348,-0.0511085242033005,-2.67571696882385,-0.146629676505051,0.229574388378686
0,0.0166668,1.58359779417515,-0.564662396907806,-11.9417514801025,1.26010346412659,17.4332733154297,1.06666958332062,2.57073140144348,-0.0511085242033005,-2.67571696882385,-0.146629676505051,0.229574388378686
0,0.0166667,1.60026449337602,-0.513087689876556,-11.8425693511963,1.26010346412659,17.3816986083984,1.04835903644562,2.56432271003723,-0.0254737585783005,-2.65607786877611,-0.134220743102734,0.140301487257723
0,0.0166668,1.61693129315972,-0.540858685970306,-11.917947769165,1.20852875709534,17.4808807373047,1.04835903644562,2.56432271003723,-0.0446998327970505,-2.67480917063199,-0.069380816175199,0.17049462709485
0,0.0166668,1.63359809294343,-0.540858685970306,-11.917947769165,1.20852875709534,17.4808807373047,1.04835903644562,2.56432271003723,-0.0446998327970505,-2.67480917063199,-0.069380816175199,0.17049462709485
0,0.0166669,1.65026499330997,-0.540858685970306,-11.8663730621338,1.26010346412659,17.4332733154297,1.04835903644562,2.57714009284973,0.00656969845294952,-2.62003399750846,-0.059336724469698,0.098488316130149
0,0.0166672,1.66693219356239,-0.513087689876556,-11.917947769165,1.26010346412659,17.4808807373047,1.05476772785187,2.57714009284973,-0.00624768435955048,-2.63199414130844,-0.0220960814150915,0.107931867391945
0,0.016667,1.68359919264913,-0.513087689876556,-11.917947769165,1.26010346412659,17.4808807373047,1.05476772785187,2.57714009284973,-0.00624768435955048,-2.63199414130844,-0.0220960814150915,0.107931867391945
0,0.0166671,1.7002662923187,-0.489283978939056,-11.8941440582275,1.28390717506409,17.4055023193359,1.06026089191437,2.57073140144348,-0.0382911413908005,-2.62129123145882,-0.0174200429666778,0.0132909739457704
0,0.0166665,1.71693279221654,-0.489283978939056,-11.8941440582275,1.28390717506409,17.4055023193359,1.06026089191437,2.57073140144348,-0.0382911413908005,-2.62129123145882,-0.0174200429666778,0.0132909739457704
0,0.0166674,1.73360019177198,-0.489283978939056,-11.8941440582275,1.28390717506409,17.4055023193359,1.06026089191437,2.57073140144348,-0.0382911413908005,-2.62129123145882,-0.0174200429666778,0.0132909739457704
0,0.0166669,1.75026709213853,-0.489283978939056,-11.8187656402588,1.23629975318909,17.3301239013672,1.05476772785187,2.57073140144348,-0.0318824499845505,-2.63906643852175,-0.0461977496270964,-0.0109271705559677
0,0.0166663,1.76693339273334,-0.489283978939056,-11.8187656402588,1.23629975318909,17.3301239013672,1.05476772785187,2.57073140144348,-0.0318824499845505,-2.63906643852175,-0.0461977496270964,-0.0109271705559677
0,0.0166669,1.78360029309988,-0.564662396907806,-11.8941440582275,1.20852875709534,17.3578948974609,1.04286587238312,2.57073140144348,-0.0254737585783005,-2.62959842935848,-0.0596194194713204,0.0122054575942312
0,0.016667,1.80026729218662,-0.564662396907806,-11.8941440582275,1.20852875709534,17.3578948974609,1.04286587238312,2.57073140144348,-0.0254737585783005,-2.62959842935848,-0.0596194194713204,0.0122054575942312
0,0.0166669,1.81693419255316,-0.564662396907806,-11.8941440582275,1.20852875709534,17.3578948974609,1.04286587238312,2.57073140144348,-0.0254737585783005,-2.62959842935848,-0.0596194194713204,0.0122054575942312
0,0.0166671,1.83360129222274,-0.540858685970306,-11.8941440582275,1.13315033912659,17.1833343505859,1.05476772785187,2.55699849128723,-0.0511085242033005,-2.83789464344419,-0.10688857136347,0.00772067332479154
0,0.0166668,1.85026809200644,-0.540858685970306,-11.8941440582275,1.13315033912659,17.1833343505859,1.05476772785187,2.55699849128723,-0.0511085242033005,-2.83789464344419,-0.10688857136347,0.00772067332479154
0,0.0166667,1.86693479120731,-0.588466107845306,-11.8941440582275,1.18472504615784,17.1595306396484,1.05476772785187,2.55058979988098,-0.0382911413908005,-2.85807333980103,-0.144197963303858,0.0238903057981704
0,0.0166672,1.88360199145973,-0.663844525814056,-11.917947769165,1.16092133522034,17.2825164794922,1.04286587238312,2.60369038581848,-0.0575172156095505,-3.01406922683222,-0.310536379472445,0.158136434493845
0,0.0166673,1.90026929229498,-0.663844525814056,-11.917947769165,1.16092133522034,17.2825164794922,1.04286587238312,2.60369038581848,-0.0575172156095505,-3.01406922683222,-0.310536379472445,0.158136434493845
0,0.0166666,1.91693589277565,-0.663844525814056,-11.917947769165,1.16092133522034,17.2825164794922,1.04286587238312,2.60369038581848,-0.0575172156095505,-3.01406922683222,-0.310536379472445,0.158136434493845
0,0.0166665,1.93360239267349,-0.715419232845306,-11.8425693511963,1.03396821022034,17.0603485107422,1.04286587238312,2.61650776863098,-0.1023780554533,-2.98041741789026,-0.535512451748604,0.0916008380006486
0,0.0166672,1.95026959292591,-0.937587201595306,-11.96555519104,0.907015025615692,17.1595306396484,1.05476772785187,2.63573384284973,-0.0895606726408005,-3.1065282755295,-0.46151753133833,0.229415025716141
0,0.0166667,1.96693629212677,-0.937587201595306,-11.96555519104,0.907015025615692,17.1595306396484,1.05476772785187,2.63573384284973,-0.0895606726408005,-3.1065282755295,-0.46151753133833,0.229415025716141
0,0.0166668,1.98360309191048,-0.889979779720306,-11.917947769165,1.01016449928284,17.0087738037109,1.01265347003937,2.58354878425598,-0.14723889529705,-3.32607079655238,-0.537269152540616,0.386744956240038
0,0.0166671,2.00027019158006,-0.889979779720306,-11.917947769165,1.01016449928284,17.0087738037109,1.01265347003937,2.58354878425598,-0.14723889529705,-3.32607079655238,-0.537269152540616,0.386744956240038
0,0.0166696,2.01693979091942,-0.889979779720306,-11.9417514801025,1.01016449928284,16.8342132568359,1.02455532550812,2.58354878425598,-0.16005627810955,-3.2969741796724,-0.542848606899597,0.364108503850015
0,0.0166645,2.03360429033637,-0.889979779720306,-12.2392978668213,1.08554291725159,17.3578948974609,1.00075161457062,2.65587544441223,-0.19301526248455,-3.44600669466988,-0.833464639768033,0.446076151002529
0,0.0166673,2.05027159117162,-0.889979779720306,-12.2392978668213,1.08554291725159,17.3578948974609,1.00075161457062,2.65587544441223,-0.19301526248455,-3.44600669466988,-0.833464639768033,0.446076151002529
0,0.0166667,2.06693829037249,-1.1161150932312,-12.0409336090088,1.01016449928284,16.5882415771484,0.976947903633118,2.49840474128723,-0.2378761023283,-3.57532890632128,-0.892284436514233,0.501544137755847
0,0.0166665,2.08360479027033,-0.913783490657806,-12.140115737915,1.10934662818909,17.0087738037109,0.970539212226868,2.61009907722473,-0.2250587195158,-3.56680022593843,-0.826564050471899,0.801684342965541
0,0.016667,2.10027178935707,-0.913783490657806,-12.140115737915,1.10934662818909,17.0087738037109,0.970539212226868,2.61009907722473,-0.2250587195158,-3.56680022593843,-0.826564050471899,0.801684342965541
0,0.016667,2.1169387884438,-0.640040814876556,-12.1639194488525,1.56161713600159,17.2071380615234,0.965046048164368,2.61650776863098,-0.276328265666962,-3.87517820860317,-0.809005508172025,0.940224412854177
0,0.0166669,2.13360568881035,-0.687648236751556,-12.18772315979,1.51004242897034,17.1317596435547,0.965046048164368,2.62932515144348,-0.23146741092205,-3.85575459910977,-0.779234001865431,1.01343359132755
0,0.016667,2.15027268789709,-0.687648236751556,-12.18772315979,1.51004242897034,17.1317596435547,0.965046048164368,2.62932515144348,-0.23146741092205,-3.85575459910977,-0.779234001865431,1.01343359132755
0,0.0166668,2.16693948768079,-0.889979779720306,-12.140115737915,1.38308930397034,16.9333953857422,0.976947903633118,2.57073140144348,-0.23146741092205,-3.54203875315836,-0.731399965081474,0.740614002809133
0,0.0166672,2.18360668793321,-0.989161908626556,-12.0171298980713,1.28390717506409,17.5800628662109,0.958637356758118,2.67510151863098,-0.276328265666962,-3.52250588542302,-1.2274238603031,1.21418836133031
0,0.0166667,2.20027338713408,-0.989161908626556,-12.0171298980713,1.28390717506409,17.5800628662109,0.958637356758118,2.67510151863098,-0.276328265666962,-3.52250588542302,-1.2274238603031,1.21418836133031
0,0.0166673,2.21694068796933,-1.06454038619995,-11.5450229644775,1.26010346412659,16.9095916748047,0.917438626289368,2.59636616706848,-0.321189105510712,-3.6623211207264,-1.22569356864162,1.18152306389689
0,0.016667,2.23360768705606,-1.06454038619995,-11.5450229644775,1.26010346412659,16.9095916748047,0.917438626289368,2.59636616706848,-0.321189105510712,-3.6623211207264,-1.22569356864162,1.18152306389689
0,0.0166665,2.2502741869539,-1.06454038619995,-11.5450229644775,1.26010346412659,16.9095916748047,0.917438626289368,2.59636616706848,-0.321189105510712,-3.6623211207264,-1.22569356864162,1.18152306389689
0,0.0166667,2.26694088615477,-0.763026654720306,-11.2236728668213,1.56161713600159,17.2587127685547,0.929340481758118,2.62932515144348,-0.24428479373455,-3.65672882726564,-1.48873938146113,0.983907596765307
0,0.016667,2.28360788524151,-0.763026654720306,-11.2236728668213,1.56161713600159,17.2587127685547,0.929340481758118,2.62932515144348,-0.24428479373455,-3.65672882726564,-1.48873938146113,0.983907596765307
0,0.0166668,2.30027468502522,-0.763026654720306,-11.2236728668213,1.56161713600159,17.2587127685547,0.929340481758118,2.62932515144348,-0.24428479373455,-3.65672882726564,-1.48873938146113,0.983907596765307
0,0.0166669,2.31694158539176,-0.489283978939056,-11.0530796051025,2.00992035865784,16.9849700927734,0.893634915351868,2.64946675300598,-0.2378761023283,-3.31220485176243,-0.727875185513992,1.01587096144695
0,0.0166675,2.33360908553004,-0.489283978939056,-11.0530796051025,2.00992035865784,16.9849700927734,0.893634915351868,2.64946675300598,-0.2378761023283,-3.31220485176243,-0.727875185513992,1.01587096144695
0,0.0166668,2.35027588531375,-0.314723432064056,-11.0253086090088,2.08529877662659,17.1833343505859,0.881733059883118,2.64305806159973,-0.23146741092205,-3.85780681091817,-0.938507869707334,1.12519286683174
0,0.0166667,2.36694258451462,-0.314723432064056,-11.0253086090088,2.08529877662659,17.1833343505859,0.881733059883118,2.64305806159973,-0.23146741092205,-3.85780681091817,-0.938507869707334,1.12519286683174
0,0.0166674,2.38360998407006,-0.437709271907806,-11.1006870269775,1.91073822975159,17.1595306396484,0.875324368476868,2.69524312019348,-0.257102191448212,-3.61357779688257,-0.959970372089503,0.929213354805948
0,0.0166664,2.40027638338506,-0.390101850032806,-11.07688331604,2.03769135475159,17.5562591552734,0.881733059883118,2.70165181159973,-0.24428479373455,-3.61368558898954,-1.02400669998738,1.10212085013338
0,0.0166668,2.41694318316877,-0.390101850032806,-11.07688331604,2.03769135475159,17.5562591552734,0.881733059883118,2.70165181159973,-0.24428479373455,-3.61368558898954,-1.02400669998738,1.10212085013338
0,0.0166667,2.43360988236964,-0.513087689876556,-11.3228549957275,1.88693451881409,17.6316375732422,0.893634915351868,2.71446919441223,-0.24428479373455,-2.94184858283826,-1.08398455778888,0.645881156097656
0,0.0166675,2.45027738250792,-0.513087689876556,-11.3228549957275,1.88693451881409,17.6316375732422,0.893634915351868,2.71446919441223,-0.24428479373455,-2.94184858283826,-1.08398455778888,0.645881156097656
0,0.0166664,2.46694378182292,-0.513087689876556,-11.3228549957275,1.88693451881409,17.6316375732422,0.893634915351868,2.71446919441223,-0.24428479373455,-2.94184858283826,-1.08398455778888,0.645881156097656
0,0.0166668,2.48361058160663,-0.314723432064056,-10.9261264801025,1.96231293678284,17.0841522216797,0.875324368476868,2.61009907722473,-0.24428479373455,-2.90762086742299,-0.839448310716935,0.342829322020838
0,0.0166671,2.5002776812762,-0.314723432064056,-10.9261264801025,1.96231293678284,17.0841522216797,0.875324368476868,2.61009907722473,-0.24428479373455,-2.90762086742299,-0.839448310716935,0.342829322020838
0,0.0167435,2.51702118106186,-0.390101850032806,-10.9538974761963,1.93454194068909,17.1317596435547,0.887226223945618,2.58354878425598,-0.24428479373455,-2.68630576758499,-0.809159722800053,0.161245352910907
0,0.0166672,2.53368838131428,-0.362330853939056,-10.7039585113525,2.00992035865784,17.0325775146484,0.887226223945618,2.50481343269348,-0.18569104373455,-2.08221180374698,-0.262082251114021,0.107836241136005
0,0.0166665,2.55035488121212,-0.362330853939056,-10.7039585113525,2.00992035865784,17.0325775146484,0.887226223945618,2.50481343269348,-0.18569104373455,-2.08221180374698,-0.262082251114021,0.107836241136005
0,0.0166667,2.56702158041298,-0.362330853939056,-10.7039585113525,2.00992035865784,17.0325775146484,0.887226223945618,2.50481343269348,-0.18569104373455,-2.08221180374698,-0.262082251114021,0.107836241136005
0,0.0166679,2.58368948101997,-0.163966596126556,-10.680154800415,2.08529877662659,17.3816986083984,0.899128079414368,2.52495503425598,-0.12160412967205,-1.71331349550997,0.07919473836311,0.274786748163916
0,0.0166662,2.60035568103194,-0.163966596126556,-10.680154800415,2.08529877662659,17.3816986083984,0.899128079414368,2.52495503425598,-0.12160412967205,-1.71331349550997,0.07919473836311,0.274786748163916
0,0.0166667,2.61702238023281,-0.290919721126556,-10.457986831665,2.08529877662659,17.5562591552734,0.917438626289368,2.49840474128723,-0.10878674685955,-1.17106701915409,0.357568977958162,0.172800185237164
0,0.0166672,2.63368958048522,0.0105939507484436,-10.3111972808838,2.16067719459534,17.9014129638672,0.922931790351868,2.49840474128723,-0.1023780554533,-0.96153175623378,0.631346526844542,0.190538223864293
0,0.0166672,2.65035678073764,0.0105939507484436,-10.3111972808838,2.16067719459534,17.9014129638672,0.922931790351868,2.49840474128723,-0.1023780554533,-0.96153175623378,0.631346526844542,0.190538223864293
0,0.0166666,2.66702338121831,-0.0132097601890564,-9.96207618713379,2.23605561256409,18.1275482177734,0.946735501289368,2.47917866706848,-0.0254737585783005,0.0381041324327085,1.28576841543806,-0.142785722935508
0,0.016667,2.68369038030505,-0.0132097601890564,-9.96207618713379,2.23605561256409,18.1275482177734,0.946735501289368,2.47917866706848,-0.0254737585783005,0.0381041324327085,1.28576841543806,-0.142785722935508
0,0.0166676,2.70035798102617,-0.0132097601890564,-9.96207618713379,2.23605561256409,18.1275482177734,0.946735501289368,2.47917866706848,-0.0254737585783005,0.0381041324327085,1.28576841543806,-0.142785722935508
0,0.0166659,2.71702388115227,0.0343976616859436,-10.013650894165,2.28763031959534,18.4727020263672,0.953144192695618,2.45262837409973,0.0386131554841995,0.729449270266293,1.83907736416927,-0.283178253258176
0,0.0166668,2.73369068093598,0.0343976616859436,-10.013650894165,2.28763031959534,18.4727020263672,0.953144192695618,2.45262837409973,0.0386131554841995,0.729449270266293,1.83907736416927,-0.283178253258176
0,0.0166671,2.75035778060555,0.137547075748444,-9.96207618713379,2.28763031959534,18.3735198974609,1.02455532550812,2.41966938972473,0.1356590539217,0.367314525705701,1.81913697647229,0.488928858665769
0,0.0166671,2.76702488027513,0.109776079654694,-9.93827247619629,2.33523774147034,18.5004730224609,1.00075161457062,2.41966938972473,0.1741112023592,0.409016140820553,1.87180857361878,0.510432691399282
0,0.0166669,2.78369178064168,0.109776079654694,-9.93827247619629,2.33523774147034,18.5004730224609,1.00075161457062,2.41966938972473,0.1741112023592,0.409016140820553,1.87180857361878,0.510432691399282
0,0.0166668,2.80035858042538,0.236729204654694,-10.0850620269775,2.46219086647034,17.9529876708984,1.03096401691437,2.35466694831848,0.251015484333038,1.27053250042187,2.55746528072455,-0.335770167823236
0,0.016667,2.81702557951212,0.236729204654694,-10.0850620269775,2.46219086647034,17.9529876708984,1.03096401691437,2.35466694831848,0.251015484333038,1.27053250042187,2.55746528072455,-0.335770167823236
0,0.0166672,2.83369277976453,0.236729204654694,-10.0850620269775,2.46219086647034,17.9529876708984,1.03096401691437,2.35466694831848,0.251015484333038,1.27053250042187,2.55746528072455,-0.335770167823236
0,0.0166668,2.85035957954824,0.212925493717194,-11.3982334136963,2.51376557350159,18.1275482177734,1.09596645832062,2.44621968269348,0.295876324176788,1.18449244674934,2.92945537548083,0.0975198413760134
0,0.0166669,2.86702647991478,0.212925493717194,-11.3982334136963,2.51376557350159,18.1275482177734,1.09596645832062,2.44621968269348,0.295876324176788,1.18449244674934,2.92945537548083,0.0975198413760134
0,0.0166666,2.88369308039546,0.185154497623444,-11.3982334136963,2.41061615943909,18.4727020263672,1.11427700519562,2.54418110847473,0.276650249958038,0.32569149321257,2.97786825419759,1.42495089266532
0,0.0166669,2.900359980762,-0.0132097601890564,-10.9261264801025,2.41061615943909,17.1317596435547,0.988849759101868,2.42607808113098,0.309609234333038,0.511595028197775,3.19155779593563,-0.429012167400112
0,0.0166671,2.91702708043158,-0.0132097601890564,-10.9261264801025,2.41061615943909,17.1317596435547,0.988849759101868,2.42607808113098,0.309609234333038,0.511595028197775,3.19155779593563,-0.429012167400112
0,0.0166669,2.93369398079813,-0.290919721126556,-11.7949619293213,2.08529877662659,18.2267303466797,0.976947903633118,2.62291646003723,0.263832867145538,-1.06546974056236,2.91520479732672,1.67610203810056
0,0.0166684,2.95036238059402,-0.290919721126556,-11.7949619293213,2.08529877662659,18.2267303466797,0.976947903633118,2.62291646003723,0.263832867145538,-1.06546974056236,2.91520479732672,1.67610203810056
0,0.0166656,2.96702798083425,-0.239345014095306,-11.3982334136963,2.16067719459534,17.9014129638672,0.922931790351868,2.62291646003723,0.251015484333038,-0.749352006008585,2.98293964500911,1.4832329137235
0,0.0166677,2.98369568027556,-0.390101850032806,-13.377908706665,2.11306977272034,17.7030487060547,0.881733059883118,2.69524312019348,0.263832867145538,0.501905715883685,3.24557281000689,-0.977317589966437
0,0.0166663,3.00036198087037,-0.390101850032806,-13.377908706665,2.11306977272034,17.7030487060547,0.881733059883118,2.69524312019348,0.263832867145538,0.501905715883685,3.24557281000689,-0.977317589966437
0,0.0166667,3.01702868007123,-0.413905560970306,-13.9928379058838,1.81155610084534,17.8776092529297,0.929340481758118,2.68883442878723,0.328835308551788,1.32613827278754,3.1570265292583,-1.49883380664241
0,0.0166666,3.03369528055191,-0.413905560970306,-13.9928379058838,1.81155610084534,17.8776092529297,0.929340481758118,2.68883442878723,0.328835308551788,1.32613827278754,3.1570265292583,-1.49883380664241
0,0.0166669,3.05036218091846,-0.413905560970306,-13.9928379058838,1.81155610084534,17.8776092529297,0.929340481758118,2.68883442878723,0.328835308551788,1.32613827278754,3.1570265292583,-1.49883380664241
0,0.0166668,3.06702898070216,-0.239345014095306,-13.822244644165,1.60922455787659,16.8857879638672,1.14357388019562,2.41966938972473,0.392922222614288,0.715551324223165,2.16430790727753,-0.933657469754749
0,0.0166683,3.08369727991521,-0.239345014095306,-13.822244644165,1.60922455787659,16.8857879638672,1.14357388019562,2.41966938972473,0.392922222614288,0.715551324223165,2.16430790727753,-0.933657469754749
0,0.0166656,3.10036288015544,-0.814601361751556,-13.9214267730713,1.73617768287659,15.8423910140991,0.661090970039368,2.43981099128723,0.20615465939045,0.872071086734112,3.5221598527163,-2.19161608756378
0,0.0166671,3.11702997982502,-0.263148725032806,-15.3813877105713,1.51004242897034,17.3578948974609,1.32301723957062,2.52495503425598,0.412148296833038,0.0205145706688117,2.03915776239246,1.36167227707585
0,0.016667,3.13369697891176,-0.263148725032806,-15.3813877105713,1.51004242897034,17.3578948974609,1.32301723957062,2.52495503425598,0.412148296833038,0.0205145706688117,2.03915776239246,1.36167227707585
0,0.0172631,3.15096007846296,-0.814601361751556,-17.23410987854,1.60922455787659,17.2825164794922,0.672992825508118,2.78679585456848,0.283058941364288,0.0856143124236153,3.17835440141394,-0.225183433052423
0,0.0166668,3.16762687824667,-0.739222943782806,-17.01194190979,1.58542084693909,17.3816986083984,0.583271145820618,2.74101948738098,0.2125633507967,-0.0896015626569792,3.43783349449337,-0.237412967741951
0,0.016667,3.1842938773334,-0.739222943782806,-17.01194190979,1.58542084693909,17.3816986083984,0.583271145820618,2.74101948738098,0.2125633507967,-0.0896015626569792,3.43783349449337,-0.237412967741951
0,0.0166671,3.20096097700298,-0.790797650814056,-16.56760597229,1.51004242897034,16.7866058349609,0.553974270820618,2.66869282722473,0.23178942501545,0.922524310788886,3.64226295098942,-1.67798253601977
0,0.0166676,3.2176285777241,-0.790797650814056,-16.56760597229,1.51004242897034,16.7866058349609,0.553974270820618,2.66869282722473,0.23178942501545,0.922524310788886,3.64226295098942,-1.67798253601977
0,0.0166661,3.23429467715323,-0.790797650814056,-16.56760597229,1.51004242897034,16.7866058349609,0.553974270820618,2.66869282722473,0.23178942501545,0.922524310788886,3.64226295098942,-1.67798253601977
0,0.0166671,3.25096177682281,0.435093462467194,-17.4840488433838,2.26382660865784,16.2153167724609,1.18568813800812,2.26952290534973,0.412148296833038,0.918919034010453,2.00163979408524,-1.49770195366149
0,0.0166668,3.26762857660651,0.435093462467194,-17.4840488433838,2.26382660865784,16.2153167724609,1.18568813800812,2.26952290534973,0.412148296833038,0.918919034010453,2.00163979408524,-1.49770195366149
0,0.0166672,3.28429577685893,0.435093462467194,-17.4840488433838,2.26382660865784,16.2153167724609,1.18568813800812,2.26952290534973,0.412148296833038,0.918919034010453,2.00163979408524,-1.49770195366149
0,0.016667,3.30096277594566,1.10953187942505,-18.3727207183838,2.76370453834534,16.5128631591797,1.22139370441437,2.36748433113098,0.424965679645538,1.1117660719748,1.67374249073395,-0.282165645365853
0,0.0166667,3.31762947514653,1.10953187942505,-18.3727207183838,2.76370453834534,16.5128631591797,1.22139370441437,2.36748433113098,0.424965679645538,1.1117660719748,1.67374249073395,-0.282165645365853
0,0.0166678,3.33429727517068,1.10953187942505,-18.3727207183838,2.76370453834534,16.5128631591797,1.22139370441437,2.36748433113098,0.424965679645538,1.1117660719748,1.67374249073395,-0.282165645365853
0,0.0166659,3.35096317529678,-0.465480268001556,-17.9997959136963,1.66079926490784,16.2391204833984,0.750812649726868,2.53777241706848,0.1228416711092,1.48733976818253,3.14945732730196,-2.0643836916828
0,0.0166673,3.36763047613204,-0.465480268001556,-17.9997959136963,1.66079926490784,16.2391204833984,0.750812649726868,2.53777241706848,0.1228416711092,1.48733976818253,3.14945732730196,-2.0643836916828
0,0.0166673,3.38429777696729,-1.41366147994995,-18.2259311676025,0.307954967021942,16.9095916748047,0.941242337226868,2.52495503425598,0.302285015583038,1.10312565617285,2.41397553371661,-1.35222008164613
0,0.016667,3.40096477605402,0.236729204654694,-18.297342300415,1.93454194068909,16.4374847412109,1.10237514972687,2.38030171394348,0.2125633507967,1.3828532837307,1.97050036925119,-1.71785863558565
0,0.0166677,3.41763247549534,0.236729204654694,-18.297342300415,1.93454194068909,16.4374847412109,1.10237514972687,2.38030171394348,0.2125633507967,1.3828532837307,1.97050036925119,-1.71785863558565
0,0.016666,3.43429847620428,-0.0370134711265564,-18.5948886871338,1.45846772193909,17.3301239013672,1.28090298175812,2.46544575691223,0.20615465939045,1.40401101415336,1.80613298725176,-1.37955136754761
0,0.0166666,3.45096507668495,-0.0370134711265564,-18.5948886871338,1.45846772193909,17.3301239013672,1.28090298175812,2.46544575691223,0.20615465939045,1.40401101415336,1.80613298725176,-1.37955136754761
0,0.0166669,3.4676319770515,-0.0370134711265564,-18.5948886871338,1.45846772193909,17.3301239013672,1.28090298175812,2.46544575691223,0.20615465939045,1.40401101415336,1.80613298725176,-1.37955136754761
0,0.016667,3.48429897613823,-0.338527143001556,-17.9997959136963,1.08554291725159,16.4136810302734,1.19758999347687,2.30156636238098,0.18051989376545,1.68248745533365,2.19440026324069,-1.57687988830231
0,0.0166667,3.5009656753391,-0.338527143001556,-17.9997959136963,1.08554291725159,16.4136810302734,1.19758999347687,2.30156636238098,0.18051989376545,1.68248745533365,2.19440026324069,-1.57687988830231
0,0.0166679,3.51763357594609,-0.239345014095306,-17.2579135894775,1.28390717506409,16.9611663818359,1.13808071613312,2.39403462409973,0.263832867145538,1.61279634812525,2.09939835717719,-1.30095584850988
0,0.0166667,3.53430027514696,-0.338527143001556,-17.5078525543213,1.10934662818909,17.1317596435547,1.16188442707062,2.42607808113098,0.2381981164217,1.48832884354794,2.00729537907401,-1.12697789939626
0,0.0166668,3.55096707493067,-0.338527143001556,-17.5078525543213,1.10934662818909,17.1317596435547,1.16188442707062,2.42607808113098,0.2381981164217,1.48832884354794,2.00729537907401,-1.12697789939626
0,0.0166661,3.5676331743598,-0.263148725032806,-17.7300205230713,1.30771088600159,17.2071380615234,1.04835903644562,2.44621968269348,0.1741112023592,1.19395316397778,1.82290046799879,-0.826114084255029
0,0.0166672,3.58430037461221,-0.263148725032806,-17.7300205230713,1.30771088600159,17.2071380615234,1.04835903644562,2.44621968269348,0.1741112023592,1.19395316397778,1.82290046799879,-0.826114084255029
0,0.0166666,3.60096697509289,-0.215541303157806,-17.67844581604,1.35928559303284,17.2587127685547,0.983356595039368,2.45903706550598,0.11643297970295,1.28596437065058,1.65925345063455,-0.771757970188541
0,0.0166671,3.61763407476246,-0.215541303157806,-17.67844581604,1.35928559303284,17.2587127685547,0.983356595039368,2.45903706550598,0.11643297970295,1.28596437065058,1.65925345063455,-0.771757970188541
0,0.0166678,3.63430187478662,-0.215541303157806,-17.67844581604,1.35928559303284,17.2587127685547,0.983356595039368,2.45903706550598,0.11643297970295,1.28596437065058,1.65925345063455,-0.771757970188541
0,0.0166663,3.65096817538142,-0.338527143001556,-17.6070346832275,1.10934662818909,16.7628021240234,1.07857143878937,2.40044331550598,0.1356590539217,1.40385577475628,1.47747383615924,-1.12035946175063
0,0.0166668,3.66763497516513,-0.338527143001556,-17.5078525543213,1.03396821022034,16.8857879638672,1.07857143878937,2.38671040534973,0.1997459679842,1.35390861863549,1.27574413550367,-1.0450615964705
0,0.0166667,3.684301674366,-0.338527143001556,-17.5078525543213,1.03396821022034,16.8857879638672,1.07857143878937,2.38671040534973,0.1997459679842,1.35390861863549,1.27574413550367,-1.0450615964705
0,0.0166671,3.70096877403557,-0.314723432064056,-17.4324741363525,1.10934662818909,17.0603485107422,1.05476772785187,2.40044331550598,0.14206774532795,1.67768220893202,1.25992666848197,-1.15091289324298
0,0.0166672,3.71763597428799,-0.314723432064056,-17.4324741363525,1.10934662818909,17.0603485107422,1.05476772785187,2.40044331550598,0.14206774532795,1.67768220893202,1.25992666848197,-1.15091289324298
0,0.016667,3.73430297337472,-0.362330853939056,-17.3332920074463,1.16092133522034,17.1595306396484,1.03096401691437,2.40044331550598,0.10361559689045,1.69709801219857,1.31825767312127,-1.15821024837035
0,0.0166676,3.75097057409585,-0.362330853939056,-17.4840488433838,1.23629975318909,17.3063201904297,0.941242337226868,2.44621968269348,0.0450218468904495,1.94580719490352,1.36712630961176,-1.38939838641992
0,0.0166667,3.76763727329671,-0.362330853939056,-17.4840488433838,1.23629975318909,17.3063201904297,0.941242337226868,2.44621968269348,0.0450218468904495,1.94580719490352,1.36712630961176,-1.38939838641992
0,0.016667,3.78430427238345,-0.263148725032806,-17.408670425415,1.26010346412659,17.1595306396484,1.01906216144562,2.43981099128723,0.0193870812654495,2.00695675422829,1.22934905160173,-1.40047257189059
0,0.0166666,3.80097087286413,-0.290919721126556,-17.4324741363525,1.16092133522034,17.2309417724609,1.02455532550812,2.41326069831848,0.0587547570466995,2.12565227598638,1.23161984214873,-1.37310215678449
0,0.0166668,3.81763767264783,-0.290919721126556,-17.4324741363525,1.16092133522034,17.2309417724609,1.02455532550812,2.41326069831848,0.0587547570466995,2.12565227598638,1.23161984214873,-1.37310215678449
0,0.0166671,3.83430477231741,-0.465480268001556,-17.2579135894775,1.01016449928284,17.2071380615234,1.04835903644562,2.41326069831848,0.0843895226716995,2.19323764904425,1.14514320805732,-1.36042894393237
0,0.0166672,3.85097197256982,-0.437709271907806,-17.1349277496338,1.08554291725159,16.9611663818359,1.01906216144562,2.41966938972473,0.0587547570466995,2.17480600808322,1.18086832937948,-1.4640512121268
0,0.0166666,3.8676385730505,-0.437709271907806,-17.1349277496338,1.08554291725159,16.9611663818359,1.01906216144562,2.41966938972473,0.0587547570466995,2.17480600808322,1.18086832937948,-1.4640512121268
0,0.0166672,3.88430577330291,-0.390101850032806,-17.4324741363525,1.13315033912659,17.3301239013672,1.04835903644562,2.41966938972473,0.10361559689045,2.33455055143227,1.23805951572826,-1.90480630079169
0,0.0166669,3.90097267366946,-0.437709271907806,-17.408670425415,1.10934662818909,17.0841522216797,1.04286587238312,2.41966938972473,0.12925036251545,2.27247305858388,1.17342333962053,-1.82388583554006
0,0.0166668,3.91763947345316,-0.437709271907806,-17.408670425415,1.10934662818909,17.0841522216797,1.04286587238312,2.41966938972473,0.12925036251545,2.27247305858388,1.17342333962053,-1.82388583554006
0,0.0166672,3.93430667370558,-0.314723432064056,-17.5554599761963,1.18472504615784,17.2071380615234,1.03645718097687,2.42607808113098,0.10361559689045,2.41827315478865,1.44994938529262,-2.04169613062837
0,0.0166674,3.95097407326102,-0.263148725032806,-17.5554599761963,1.18472504615784,17.1833343505859,1.06666958332062,2.42607808113098,0.12925036251545,2.44391533762844,1.40212291608963,-2.07396583718144
0,0.0166662,3.96764027327299,-0.263148725032806,-17.5554599761963,1.18472504615784,17.1833343505859,1.06666958332062,2.42607808113098,0.12925036251545,2.44391533762844,1.40212291608963,-2.07396583718144
0,0.0166698,3.98431007377803,-0.437709271907806,-17.5078525543213,1.01016449928284,17.1833343505859,1.09596645832062,2.43981099128723,0.1356590539217,2.29100489381909,1.22732043985843,-1.91248894864917
0,0.0166673,4.00097737461329,-0.437709271907806,-17.5078525543213,1.01016449928284,17.1833343505859,1.09596645832062,2.43981099128723,0.1356590539217,2.29100489381909,1.22732043985843,-1.91248894864917
0,0.0166665,4.01764387451112,-0.437709271907806,-17.5078525543213,1.01016449928284,17.1833343505859,1.09596645832062,2.43981099128723,0.1356590539217,2.29100489381909,1.22732043985843,-1.91248894864917
0,0.0166672,4.03431107476354,-0.437709271907806,-17.7062168121338,1.16092133522034,17.2309417724609,1.06666958332062,2.43981099128723,0.1869285851717,2.18344405754864,1.33518298233995,-1.76585094388184
0,0.0166674,4.05097847431898,-0.437709271907806,-17.7062168121338,1.16092133522034,17.2309417724609,1.06666958332062,2.43981099128723,0.1869285851717,2.18344405754864,1.33518298233995,-1.76585094388184
0,0.0166661,4.06764457374811,-0.290919721126556,-17.67844581604,1.16092133522034,17.3063201904297,1.06666958332062,2.41326069831848,0.263832867145538,2.34035280645007,1.49815692559495,-1.58965569412309
0,0.0166672,4.08431177400053,-0.390101850032806,-17.7776279449463,1.13315033912659,17.2825164794922,1.04835903644562,2.41966938972473,0.24460680782795,2.22236283948703,1.54843707597654,-1.6409720158644
0,0.0166664,4.10097817331553,-0.390101850032806,-17.7776279449463,1.13315033912659,17.2825164794922,1.04835903644562,2.41966938972473,0.24460680782795,2.22236283948703,1.54843707597654,-1.6409720158644
0,0.0166675,4.11764567345381,-0.413905560970306,-17.6546421051025,1.13315033912659,17.3063201904297,1.05476772785187,2.42607808113098,0.2253807336092,2.03469851608374,1.55788895502509,-1.33266114065262
0,0.0166668,4.13431247323751,-0.413905560970306,-17.6546421051025,1.13315033912659,17.3063201904297,1.05476772785187,2.42607808113098,0.2253807336092,2.03469851608374,1.55788895502509,-1.33266114065262
0,0.0166668,4.15097927302122,-0.413905560970306,-17.6546421051025,1.13315033912659,17.3063201904297,1.05476772785187,2.42607808113098,0.2253807336092,2.03469851608374,1.55788895502509,-1.33266114065262
0,0.0166668,4.16764607280493,-0.390101850032806,-17.5554599761963,1.10934662818909,16.9849700927734,1.09047329425812,2.38671040534973,0.289467632770538,2.20904802490636,1.68010909512791,-1.57052316934799
0,0.0166671,4.1843131724745,-0.390101850032806,-17.5554599761963,1.10934662818909,16.9849700927734,1.09047329425812,2.38671040534973,0.289467632770538,2.20904802490636,1.68010909512791,-1.57052316934799
0,0.0166689,4.20098207332194,-0.413905560970306,-17.7538242340088,1.18472504615784,17.3301239013672,1.08406460285187,2.40685200691223,0.295876324176788,2.01434203047072,1.64616596960881,-1.31930283440744
0,0.0166647,4.21764677390456,-0.413905560970306,-17.80539894104,1.10934662818909,17.3816986083984,1.06666958332062,2.40044331550598,0.316017925739288,2.08327126079875,1.71380952108403,-1.35929729130542
0,0.0166667,4.23431347310543,-0.413905560970306,-17.80539894104,1.10934662818909,17.3816986083984,1.06666958332062,2.40044331550598,0.316017925739288,2.08327126079875,1.71380952108403,-1.35929729130542
0,0.0166671,4.25098057277501,-0.338527143001556,-17.7300205230713,1.16092133522034,16.9333953857422,1.08406460285187,2.39403462409973,0.302285015583038,1.91355233644062,1.72793489753057,-1.37182998195493
0,0.0166667,4.26764727197587,-0.390101850032806,-17.7062168121338,1.13315033912659,16.9611663818359,1.08406460285187,2.39403462409973,0.276650249958038,1.8224082246899,1.70570619597239,-1.27590952710348
0,0.0166669,4.28431417234242,-0.390101850032806,-17.7062168121338,1.13315033912659,16.9611663818359,1.08406460285187,2.39403462409973,0.276650249958038,1.8224082246899,1.70570619597239,-1.27590952710348
0,0.0166673,4.30098147317767,-0.413905560970306,-17.853006362915,1.10934662818909,17.2587127685547,1.10237514972687,2.41326069831848,0.328835308551788,1.90691009266056,1.69258450982694,-1.31151156331609
0,0.0166669,4.31764837354422,-0.413905560970306,-17.853006362915,1.10934662818909,17.2587127685547,1.10237514972687,2.41326069831848,0.328835308551788,1.90691009266056,1.69258450982694,-1.31151156331609
0,0.0166673,4.33431567437947,-0.413905560970306,-17.7538242340088,1.08554291725159,17.1833343505859,1.10237514972687,2.41326069831848,0.309609234333038,1.94311533090583,1.70513817609053,-1.41809005881024
0,0.0166666,4.35098227486014,-0.314723432064056,-17.7300205230713,1.10934662818909,17.1595306396484,1.08406460285187,2.38671040534973,0.302285015583038,2.07073030873479,1.80237814646897,-1.7138873456947
0,0.016667,4.36764927394688,-0.314723432064056,-17.7300205230713,1.10934662818909,17.1595306396484,1.08406460285187,2.38671040534973,0.302285015583038,2.07073030873479,1.80237814646897,-1.7138873456947
0,0.0166676,4.384316874668,-0.314723432064056,-17.7300205230713,1.10934662818909,17.1595306396484,1.08406460285187,2.38671040534973,0.302285015583038,2.07073030873479,1.80237814646897,-1.7138873456947
0,0.0166659,4.4009827747941,-0.390101850032806,-17.853006362915,1.08554291725159,17.2071380615234,1.09596645832062,2.40685200691223,0.322426617145538,2.15301445771162,1.76420137546756,-1.4260322970788
0,0.0166677,4.41765047423542,-0.338527143001556,-17.9283847808838,1.08554291725159,17.2309417724609,1.07857143878937,2.40044331550598,0.328835308551788,2.13354398266143,1.79037972344942,-1.47458943717527
0,0.016666,4.43431647494435,-0.338527143001556,-17.9283847808838,1.08554291725159,17.2309417724609,1.07857143878937,2.40044331550598,0.328835308551788,2.13354398266143,1.79037972344942,-1.47458943717527
0,0.0166675,4.45098397508264,-0.390101850032806,-17.9045810699463,1.05777192115784,17.2825164794922,1.10237514972687,2.40044331550598,0.316017925739288,2.07868170561549,1.72393502077058,-1.2722309006336
0,0.016667,4.46765097416937,-0.390101850032806,-17.9045810699463,1.05777192115784,17.2825164794922,1.10237514972687,2.40044331550598,0.316017925739288,2.07868170561549,1.72393502077058,-1.2722309006336
0,0.0166672,4.48431817442179,-0.390101850032806,-17.9045810699463,1.05777192115784,17.2825164794922,1.10237514972687,2.40044331550598,0.316017925739288,2.07868170561549,1.72393502077058,-1.2722309006336
0,0.0166663,4.50098447501659,-0.338527143001556,-17.8768100738525,1.05777192115784,17.2071380615234,1.10237514972687,2.36748433113098,0.328835308551788,2.08682439571604,1.76550734217592,-1.5181380443287
0,0.0166672,4.51765167526901,-0.338527143001556,-17.8768100738525,1.05777192115784,17.2071380615234,1.10237514972687,2.36748433113098,0.328835308551788,2.08682439571604,1.76550734217592,-1.5181380443287
0,0.0166665,4.53431817516685,-0.362330853939056,-17.853006362915,1.10934662818909,17.2587127685547,1.10237514972687,2.38030171394348,0.316017925739288,1.8967461259891,1.73621611762855,-1.21242101527649
0,0.0166669,4.55098507553339,-0.437709271907806,-17.8768100738525,1.13315033912659,17.1833343505859,1.10786831378937,2.36748433113098,0.322426617145538,1.99063616011827,1.81868395888029,-1.43828176232273
0,0.0166667,4.56765177473426,-0.437709271907806,-17.8768100738525,1.13315033912659,17.1833343505859,1.10786831378937,2.36748433113098,0.322426617145538,1.99063616011827,1.81868395888029,-1.43828176232273
0,0.0166673,4.58431907556951,-0.413905560970306,-17.9045810699463,1.13315033912659,17.1833343505859,1.10786831378937,2.37389302253723,0.360878765583038,2.1266519935272,1.83739197887278,-1.28674755893274
0,0.0166665,4.60098557546735,-0.413905560970306,-17.9045810699463,1.13315033912659,17.1833343505859,1.10786831378937,2.37389302253723,0.360878765583038,2.1266519935272,1.83739197887278,-1.28674755893274
0,0.0166672,4.61765277571976,-0.413905560970306,-17.9045810699463,1.13315033912659,17.1833343505859,1.10786831378937,2.37389302253723,0.360878765583038,2.1266519935272,1.83739197887278,-1.28674755893274
0,0.0166669,4.63431967608631,-0.362330853939056,-17.7538242340088,1.08554291725159,16.9611663818359,1.09596645832062,2.37389302253723,0.348061382770538,2.04185506445025,1.83924026916843,-1.37608226047429
0,0.016667,4.65098667517304,-0.390101850032806,-17.7776279449463,1.10934662818909,17.0603485107422,1.08406460285187,2.38671040534973,0.348061382770538,2.06132810166612,1.85695353855651,-1.55450078982033
0,0.0166675,4.66765417531133,-0.390101850032806,-17.7776279449463,1.10934662818909,17.0603485107422,1.08406460285187,2.38671040534973,0.348061382770538,2.06132810166612,1.85695353855651,-1.55450078982033
0,0.0166667,4.6843208745122,-0.314723432064056,-17.7776279449463,1.08554291725159,16.9849700927734,1.10237514972687,2.38671040534973,0.354470074176788,2.24457170475372,1.90742224893577,-1.69998740121691
0,0.0166675,4.70098837465048,-0.314723432064056,-17.7776279449463,1.08554291725159,16.9849700927734,1.10237514972687,2.38671040534973,0.354470074176788,2.24457170475372,1.90742224893577,-1.69998740121691
0,0.0166662,4.71765457466245,-0.338527143001556,-17.9759922027588,1.05777192115784,17.1833343505859,1.12617886066437,2.38671040534973,0.322426617145538,1.96709237717014,1.85246710124523,-1.33581043829912
0,0.0166668,4.73432137444615,-0.465480268001556,-17.7538242340088,1.08554291725159,17.0087738037109,1.11977016925812,2.39403462409973,0.348061382770538,2.1401219143931,1.86627422837402,-1.58905526584399
0,0.016667,4.75098837353289,-0.465480268001556,-17.7538242340088,1.08554291725159,17.0087738037109,1.11977016925812,2.39403462409973,0.348061382770538,2.1401219143931,1.86627422837402,-1.58905526584399
0,0.0166667,4.76765507273376,-0.465480268001556,-17.9283847808838,1.03396821022034,17.1317596435547,1.11977016925812,2.41326069831848,0.341652691364288,2.10986094746334,1.79269892534263,-1.45317401667351
0,0.0166674,4.7843224722892,-0.465480268001556,-17.9283847808838,1.03396821022034,17.1317596435547,1.11977016925812,2.41326069831848,0.341652691364288,2.10986094746334,1.79269892534263,-1.45317401667351
0,0.0166669,4.80098937265575,-0.465480268001556,-17.9045810699463,1.05777192115784,17.1079559326172,1.09047329425812,2.40685200691223,0.295876324176788,2.10921571212899,1.78480088631601,-1.4507448769555
0,0.0166664,4.81765577197075,-0.362330853939056,-17.7776279449463,1.08554291725159,17.0603485107422,1.11427700519562,2.40044331550598,0.309609234333038,2.13176814066468,1.82004469569798,-1.63683143208181
0,0.0166673,4.834323072806,-0.362330853939056,-17.7776279449463,1.08554291725159,17.0603485107422,1.11427700519562,2.40044331550598,0.309609234333038,2.13176814066468,1.82004469569798,-1.63683143208181
0,0.0166668,4.85098987258971,-0.390101850032806,-17.9045810699463,1.03396821022034,17.0603485107422,1.11977016925812,2.40044331550598,0.348061382770538,2.02771399353299,1.77804121357114,-1.45279056041664
0,0.0166667,4.86765657179058,-0.413905560970306,-17.853006362915,1.05777192115784,17.0603485107422,1.12617886066437,2.40685200691223,0.341652691364288,2.07394858842081,1.7269373379149,-1.53149153550485
0,0.0166668,4.88432337157428,-0.413905560970306,-17.853006362915,1.05777192115784,17.0603485107422,1.12617886066437,2.40685200691223,0.341652691364288,2.07394858842081,1.7269373379149,-1.53149153550485
0,0.0166668,4.90099017135799,-0.413905560970306,-17.8292026519775,1.03396821022034,17.0087738037109,1.11427700519562,2.39403462409973,0.335243999958038,2.0257731235423,1.77078652294926,-1.6013782466967
0,0.0166677,4.9176578707993,-0.413905560970306,-17.8292026519775,1.03396821022034,17.0087738037109,1.11427700519562,2.39403462409973,0.335243999958038,2.0257731235423,1.77078652294926,-1.6013782466967
0,0.0166664,4.9343242701143,-0.413905560970306,-17.853006362915,1.01016449928284,17.0325775146484,1.11427700519562,2.40044331550598,0.335243999958038,2.05326317238882,1.8095224707383,-1.62949275397924
0,0.0166668,4.95099106989801,-0.413905560970306,-17.853006362915,1.03396821022034,17.0087738037109,1.12617886066437,2.40685200691223,0.367287456989288,2.16367137974046,1.72511585431217,-1.83577657773841
0,0.0166671,4.96765816956759,-0.413905560970306,-17.853006362915,1.03396821022034,17.0087738037109,1.12617886066437,2.40685200691223,0.367287456989288,2.16367137974046,1.72511585431217,-1.83577657773841
0,0.0166669,4.98432506993413,-0.413905560970306,-17.80539894104,1.05777192115784,17.0087738037109,1.09047329425812,2.40044331550598,0.302285015583038,2.18222249285964,1.79150176307392,-1.95684467610608
0,0.0166672,5.00099227018654,-0.390101850032806,-17.8292026519775,1.01016449928284,17.0603485107422,1.10237514972687,2.40685200691223,0.316017925739288,1.9678182755035,1.75071482105378,-1.69216949959446
0,0.016667,5.01765926927328,-0.390101850032806,-17.8292026519775,1.01016449928284,17.0603485107422,1.10237514972687,2.40685200691223,0.316017925739288,1.9678182755035,1.75071482105378,-1.69216949959446
0,0.0166668,5.03432606905699,-0.390101850032806,-17.9759922027588,1.03396821022034,17.0841522216797,1.09047329425812,2.40685200691223,0.316017925739288,1.95943409103294,1.70888380831032,-1.44833144749363
0,0.0166668,5.05099286884069,-0.465480268001556,-17.7776279449463,1.03396821022034,16.9611663818359,1.08406460285187,2.40685200691223,0.295876324176788,2.15891610506785,1.75522521629362,-1.93525764110867
0,0.0166669,5.06765976920724,-0.465480268001556,-17.7776279449463,1.03396821022034,16.9611663818359,1.08406460285187,2.40685200691223,0.295876324176788,2.15891610506785,1.75522521629362,-1.93525764110867
0,0.016667,5.08432676829398,-0.362330853939056,-17.80539894104,1.03396821022034,17.0087738037109,1.09047329425812,2.40685200691223,0.341652691364288,2.21399580263391,1.74934491433055,-1.94699465824419
0,0.0166669,5.10099366866052,-0.362330853939056,-17.80539894104,1.03396821022034,17.0087738037109,1.09047329425812,2.40685200691223,0.341652691364288,2.21399580263391,1.74934491433055,-1.94699465824419
0,0.0166676,5.11766126938164,-0.362330853939056,-17.80539894104,1.03396821022034,17.0087738037109,1.09047329425812,2.40685200691223,0.341652691364288,2.21399580263391,1.74934491433055,-1.94699465824419
0,0.0168257,5.13448696956038,-0.390101850032806,-17.853006362915,1.03396821022034,17.1079559326172,1.10237514972687,2.41326069831848,0.316017925739288,2.28032343439684,1.74086445568945,-1.948209886859
0,0.0166667,5.15115366876125,-0.390101850032806,-17.853006362915,1.03396821022034,17.1079559326172,1.10237514972687,2.41326069831848,0.316017925739288,2.28032343439684,1.74086445568945,-1.948209886859
0,0.0166669,5.1678205691278,-0.390101850032806,-17.853006362915,1.03396821022034,17.1079559326172,1.10237514972687,2.41326069831848,0.316017925739288,2.28032343439684,1.74086445568945,-1.948209886859
0,0.0166671,5.18448766879737,-0.362330853939056,-17.8768100738525,1.03396821022034,17.0841522216797,1.09047329425812,2.41966938972473,0.295876324176788,2.16643553364245,1.77874966793323,-1.80957652703265
0,0.0166671,5.20115476846695,-0.413905560970306,-17.9759922027588,0.958589732646942,17.0841522216797,1.11427700519562,2.41966938972473,0.335243999958038,2.3059355277417,1.73605677534363,-1.72560316194557
0,0.0166665,5.21782126836479,-0.413905560970306,-17.9759922027588,0.958589732646942,17.0841522216797,1.11427700519562,2.41966938972473,0.335243999958038,2.3059355277417,1.73605677534363,-1.72560316194557
0,0.0166683,5.23448956757784,-0.390101850032806,-17.9759922027588,1.01016449928284,17.0325775146484,1.10237514972687,2.41966938972473,0.316017925739288,2.39625851246559,1.73437324552648,-1.79988977844455
0,0.0166661,5.25115566700697,-0.413905560970306,-17.9521884918213,1.03396821022034,17.1317596435547,1.10237514972687,2.42607808113098,0.348061382770538,2.33678836763112,1.69207000111024,-1.85492480174284
0,0.0166663,5.26782196760178,-0.413905560970306,-17.9521884918213,1.03396821022034,17.1317596435547,1.10237514972687,2.42607808113098,0.348061382770538,2.33678836763112,1.69207000111024,-1.85492480174284
0,0.0166671,5.28448906727135,-0.413905560970306,-17.8768100738525,1.05777192115784,17.0325775146484,1.09047329425812,2.41326069831848,0.302285015583038,2.29959704546691,1.78584602432694,-1.89135292974697
0,0.0166668,5.30115586705506,-0.413905560970306,-17.8768100738525,1.05777192115784,17.0325775146484,1.09047329425812,2.41326069831848,0.302285015583038,2.29959704546691,1.78584602432694,-1.89135292974697
0,0.0166682,5.31782406754792,-0.390101850032806,-17.9759922027588,1.08554291725159,17.1079559326172,1.07857143878937,2.41326069831848,0.302285015583038,2.37551814414171,1.82859959592402,-1.8697561297831
0,0.0166663,5.33449036814272,-0.390101850032806,-17.9759922027588,1.08554291725159,17.1079559326172,1.07857143878937,2.41326069831848,0.302285015583038,2.37551814414171,1.82859959592402,-1.8697561297831
0,0.0166666,5.3511569686234,-0.362330853939056,-17.9997959136963,1.05777192115784,17.1833343505859,1.09596645832062,2.41966938972473,0.354470074176788,2.33366813994505,1.83239270952751,-1.8944468493118
0,0.0166672,5.36782416887581,-0.390101850032806,-18.02756690979,1.05777192115784,17.2071380615234,1.09047329425812,2.41966938972473,0.341652691364288,2.12784392013082,1.80058290899747,-1.66680495802471
0,0.0166663,5.38449046947062,-0.390101850032806,-18.02756690979,1.05777192115784,17.2071380615234,1.09047329425812,2.41966938972473,0.341652691364288,2.12784392013082,1.80058290899747,-1.66680495802471
0,0.0166671,5.4011575691402,-0.362330853939056,-17.9759922027588,1.05777192115784,17.1317596435547,1.09596645832062,2.41326069831848,0.322426617145538,2.22848958519386,1.81891455648721,-1.5175997707231
0,0.0166666,5.41782416962087,-0.362330853939056,-17.9759922027588,1.05777192115784,17.1317596435547,1.09596645832062,2.41326069831848,0.322426617145538,2.22848958519386,1.81891455648721,-1.5175997707231
0,0.016667,5.43449116870761,-0.362330853939056,-17.9759922027588,1.05777192115784,17.1317596435547,1.09596645832062,2.41326069831848,0.322426617145538,2.22848958519386,1.81891455648721,-1.5175997707231
0,0.0179037,5.45239486917853,-0.362330853939056,-17.9759922027588,1.05777192115784,17.1317596435547,1.07857143878937,2.41326069831848,0.335243999958038,2.1776653062228,1.80620071952972,-1.57202377213372
0,0.0166672,5.46906206943095,-0.338527143001556,-17.9759922027588,1.03396821022034,17.0603485107422,1.07216274738312,2.40685200691223,0.348061382770538,2.16847241157789,1.88833360640073,-1.57219521538485
0,0.0166668,5.48572886921465,-0.338527143001556,-17.9759922027588,1.03396821022034,17.0603485107422,1.07216274738312,2.40685200691223,0.348061382770538,2.16847241157789,1.88833360640073,-1.57219521538485
0,0.0166671,5.50239596888423,-0.362330853939056,-17.9759922027588,1.08554291725159,17.0087738037109,1.07857143878937,2.40685200691223,0.322426617145538,2.2008091649587,1.84914820254694,-1.64943278636127
0,0.0166668,5.51906276866794,-0.362330853939056,-17.9759922027588,1.08554291725159,17.0087738037109,1.07857143878937,2.40685200691223,0.322426617145538,2.2008091649587,1.84914820254694,-1.64943278636127
0,0.0166667,5.5357294678688,-0.362330853939056,-17.9759922027588,1.08554291725159,17.0087738037109,1.07857143878937,2.40685200691223,0.322426617145538,2.2008091649587,1.84914820254694,-1.64943278636127
0,0.0166669,5.55239636823535,-0.390101850032806,-17.9997959136963,1.10934662818909,17.0841522216797,1.07857143878937,2.41966938972473,0.341652691364288,2.1624874718085,1.84655910659338,-1.54165664195815
0,0.0166675,5.56906386837363,-0.489283978939056,-17.9521884918213,1.08554291725159,17.0841522216797,1.07857143878937,2.41326069831848,0.341652691364288,2.17256837694097,1.84735415953395,-1.60612690001249
0,0.0166663,5.58573016896844,-0.489283978939056,-17.9521884918213,1.08554291725159,17.0841522216797,1.07857143878937,2.41326069831848,0.341652691364288,2.17256837694097,1.84735415953395,-1.60612690001249
0,0.0166672,5.60239736922085,-0.362330853939056,-17.9283847808838,1.10934662818909,17.0087738037109,1.07857143878937,2.39403462409973,0.373696148395538,2.14103859390572,1.87347294983493,-1.64958415472387
0,0.016667,5.61906436830759,-0.362330853939056,-17.9283847808838,1.10934662818909,17.0087738037109,1.07857143878937,2.39403462409973,0.373696148395538,2.14103859390572,1.87347294983493,-1.64958415472387
0,0.0166679,5.63573226891458,-0.390101850032806,-17.9045810699463,1.13315033912659,17.0087738037109,1.07216274738312,2.40685200691223,0.360878765583038,2.14375081553939,1.88103739959015,-1.6296414466204
0,0.0166657,5.65239796973765,-0.362330853939056,-17.9045810699463,1.13315033912659,17.0841522216797,1.07857143878937,2.40044331550598,0.341652691364288,2.14322260354835,1.89711348018216,-1.64651616905833
0,0.0166673,5.6690652705729,-0.362330853939056,-17.9045810699463,1.13315033912659,17.0841522216797,1.07857143878937,2.40044331550598,0.341652691364288,2.14322260354835,1.89711348018216,-1.64651616905833
0,0.0166678,5.68573307059705,-0.413905560970306,-17.9521884918213,1.10934662818909,17.0325775146484,1.06666958332062,2.40044331550598,0.322426617145538,2.09033836691221,1.88331555060546,-1.57731113984763
0,0.0166657,5.70239877142012,-0.390101850032806,-17.9997959136963,1.13315033912659,17.0603485107422,1.06026089191437,2.40685200691223,0.322426617145538,2.13340943334293,1.88606516212567,-1.58723609423662
0,0.0166669,5.71906567178667,-0.390101850032806,-17.9997959136963,1.13315033912659,17.0603485107422,1.06026089191437,2.40685200691223,0.322426617145538,2.13340943334293,1.88606516212567,-1.58723609423662
0,0.0166669,5.73573257215321,-0.338527143001556,-17.9521884918213,1.08554291725159,17.0603485107422,1.06666958332062,2.40685200691223,0.328835308551788,2.0637911694386,1.87367080139251,-1.55833283713594
0,0.0166671,5.75239967182279,-0.338527143001556,-17.9521884918213,1.08554291725159,17.0603485107422,1.06666958332062,2.40685200691223,0.328835308551788,2.0637911694386,1.87367080139251,-1.55833283713594
0,0.0166667,5.76906637102365,-0.362330853939056,-17.9759922027588,1.16092133522034,17.1079559326172,1.06666958332062,2.40685200691223,0.360878765583038,2.13472854438977,1.90318261157959,-1.5184585119765
0,0.0166672,5.78573357127607,-0.437709271907806,-17.9759922027588,1.10934662818909,17.0603485107422,1.06026089191437,2.41326069831848,0.322426617145538,2.08547779320447,1.89999458067857,-1.45747679407948
0,0.0166669,5.80240047164261,-0.437709271907806,-17.9759922027588,1.10934662818909,17.0603485107422,1.06026089191437,2.41326069831848,0.322426617145538,2.08547779320447,1.89999458067857,-1.45747679407948
0,0.0166679,5.8190683722496,-0.362330853939056,-17.9997959136963,1.13315033912659,17.0603485107422,1.06026089191437,2.40685200691223,0.328835308551788,2.05928627734185,1.89576523844015,-1.50940945161094
0,0.0166659,5.8357342723757,-0.390101850032806,-17.9045810699463,1.16092133522034,17.0325775146484,1.06026089191437,2.40044331550598,0.335243999958038,2.1102484526523,1.91536776294153,-1.60154666470147
0,0.016667,5.85240127146244,-0.390101850032806,-17.9045810699463,1.16092133522034,17.0325775146484,1.06026089191437,2.40044331550598,0.335243999958038,2.1102484526523,1.91536776294153,-1.60154666470147
0,0.016667,5.86906827054918,-0.390101850032806,-17.9759922027588,1.10934662818909,17.0325775146484,1.06026089191437,2.40044331550598,0.360878765583038,2.09207293470357,1.90899815775888,-1.57261487791496
0,0.016667,5.88573526963592,-0.390101850032806,-17.9283847808838,1.10934662818909,17.0087738037109,1.06666958332062,2.39403462409973,0.354470074176788,2.06538458449181,1.90069339324906,-1.5712649581266
0,0.0166666,5.90240187011659,-0.390101850032806,-17.9283847808838,1.10934662818909,17.0087738037109,1.06666958332062,2.39403462409973,0.354470074176788,2.06538458449181,1.90069339324906,-1.5712649581266
0,0.0166674,5.91906926967204,-0.362330853939056,-17.9521884918213,1.18472504615784,17.0603485107422,1.06666958332062,2.39403462409973,0.341652691364288,2.07082664137826,1.89205682652071,-1.47799422390495
0,0.0166664,5.93573566898704,-0.413905560970306,-17.9521884918213,1.08554291725159,17.0325775146484,1.06666958332062,2.40685200691223,0.335243999958038,2.11867746514735,1.90368250678784,-1.58993724784944
0,0.0166674,5.95240306854248,-0.413905560970306,-17.9521884918213,1.08554291725159,17.0325775146484,1.06666958332062,2.40685200691223,0.335243999958038,2.11867746514735,1.90368250678784,-1.58993724784944
0,0.0166667,5.96906976774335,-0.362330853939056,-17.9045810699463,1.13315033912659,17.0087738037109,1.06026089191437,2.39403462409973,0.302285015583038,2.09685035296685,1.91201376751773,-1.64882324956266
0,0.0166666,5.98573636822402,-0.390101850032806,-17.8768100738525,1.13315033912659,17.0325775146484,1.06026089191437,2.39403462409973,0.367287456989288,2.04675958680416,1.88234020959386,-1.56958784067117
0,0.0166681,6.00240446813405,-0.390101850032806,-17.8768100738525,1.13315033912659,17.0325775146484,1.06026089191437,2.39403462409973,0.367287456989288,2.04675958680416,1.88234020959386,-1.56958784067117
0,0.0166671,6.01907156780362,-0.413905560970306,-17.9997959136963,1.13315033912659,17.0325775146484,1.06666958332062,2.39403462409973,0.322426617145538,2.06352317605828,1.87230622890937,-1.58521392510208
0,0.0166672,6.03573876805604,-0.413905560970306,-17.9997959136963,1.13315033912659,17.0325775146484,1.06666958332062,2.39403462409973,0.322426617145538,2.06352317605828,1.87230622890937,-1.58521392510208
0,0.0166663,6.05240506865084,-0.413905560970306,-17.9045810699463,1.10934662818909,16.9849700927734,1.06026089191437,2.40044331550598,0.309609234333038,2.10092333226513,1.88709825563777,-1.70839192115297
0,0.016668,6.06907306797802,-0.362330853939056,-17.9997959136963,1.10934662818909,17.0087738037109,1.06026089191437,2.40685200691223,0.335243999958038,2.01195483563471,1.85347858365029,-1.55905788634142
0,0.0166661,6.08573916740716,-0.362330853939056,-17.9997959136963,1.10934662818909,17.0087738037109,1.06026089191437,2.40685200691223,0.335243999958038,2.01195483563471,1.85347858365029,-1.55905788634142
0,0.0166668,6.10240596719086,-0.390101850032806,-17.9759922027588,1.08554291725159,17.0325775146484,1.06026089191437,2.40044331550598,0.328835308551788,2.0665402737722,1.87195061418867,-1.69367769715277
0,0.0166669,6.11907286755741,-0.390101850032806,-17.9759922027588,1.08554291725159,17.0325775146484,1.06026089191437,2.40044331550598,0.328835308551788,2.0665402737722,1.87195061418867,-1.69367769715277
0,0.0166671,6.13573996722698,-0.362330853939056,-17.9045810699463,1.08554291725159,17.0603485107422,1.05476772785187,2.41326069831848,0.322426617145538,2.05087837379864,1.86006917904651,-1.65177750385178
0,0.0166673,6.15240726806223,-0.362330853939056,-17.9283847808838,1.08554291725159,17.0087738037109,1.06026089191437,2.40044331550598,0.354470074176788,2.07482615874527,1.86838941185925,-1.77841097402358
0,0.0166666,6.16907386854291,-0.362330853939056,-17.9283847808838,1.08554291725159,17.0087738037109,1.06026089191437,2.40044331550598,0.354470074176788,2.07482615874527,1.86838941185925,-1.77841097402358
0,0.016667,6.18574086762965,-0.413905560970306,-17.8768100738525,1.03396821022034,16.9333953857422,1.06666958332062,2.40044331550598,0.341652691364288,2.06435525615234,1.83087880759301,-1.81728931839355
0,0.0166672,6.20240806788206,-0.413905560970306,-17.8768100738525,1.03396821022034,16.9333953857422,1.06666958332062,2.40044331550598,0.341652691364288,2.06435525615234,1.83087880759301,-1.81728931839355
0,0.0166668,6.21907486766577,-0.390101850032806,-17.9045810699463,1.08554291725159,17.0087738037109,1.06666958332062,2.40685200691223,0.341652691364288,2.04224561345989,1.8187529023162,-1.76453568956661
0,0.0166665,6.23574136756361,-0.390101850032806,-17.8768100738525,1.05777192115784,16.9849700927734,1.06026089191437,2.40685200691223,0.348061382770538,2.0871640783829,1.82456195143683,-1.84958641632984
0,0.0166669,6.25240826793015,-0.390101850032806,-17.8768100738525,1.05777192115784,16.9849700927734,1.06026089191437,2.40685200691223,0.348061382770538,2.0871640783829,1.82456195143683,-1.84958641632984
0,0.0166667,6.26907496713102,-0.390101850032806,-17.9521884918213,1.08554291725159,16.9849700927734,1.06666958332062,2.40685200691223,0.328835308551788,2.04139197374533,1.8026374163182,-1.71350817862468
0,0.016667,6.28574196621776,-0.390101850032806,-17.9521884918213,1.08554291725159,16.9849700927734,1.06666958332062,2.40685200691223,0.328835308551788,2.04139197374533,1.8026374163182,-1.71350817862468
0,0.0166673,6.30240926705301,-0.390101850032806,-17.9521884918213,1.08554291725159,16.9849700927734,1.06666958332062,2.40685200691223,0.328835308551788,2.04139197374533,1.8026374163182,-1.71350817862468
0,0.0166679,6.31907716766,-0.390101850032806,-17.9759922027588,1.08554291725159,17.0087738037109,1.06026089191437,2.41326069831848,0.316017925739288,1.93953423104862,1.79689037336076,-1.68268769192806
0,0.0166663,6.3357434682548,-0.390101850032806,-17.9759922027588,1.08554291725159,17.0087738037109,1.06026089191437,2.41326069831848,0.316017925739288,1.93953423104862,1.79689037336076,-1.68268769192806
0,0.016667,6.35241046734154,-0.390101850032806,-17.9997959136963,1.13315033912659,17.0325775146484,1.05476772785187,2.40685200691223,0.354470074176788,2.10655472149308,1.85128791349434,-1.72413331210058
0,0.0166666,6.36907706782222,-0.437709271907806,-17.9283847808838,1.13315033912659,17.0087738037109,1.04835903644562,2.41326069831848,0.341652691364288,2.07892179982296,1.84671974568801,-1.74550533298134
0,0.0166671,6.38574416749179,-0.437709271907806,-17.9283847808838,1.13315033912659,17.0087738037109,1.04835903644562,2.41326069831848,0.341652691364288,2.07892179982296,1.84671974568801,-1.74550533298134
0,0.0166663,6.4024104680866,-0.465480268001556,-17.9997959136963,1.16092133522034,17.0841522216797,1.05476772785187,2.40685200691223,0.322426617145538,2.11475613069374,1.83695718709831,-1.65184389028665
0,0.0166673,6.41907776892185,-0.362330853939056,-17.9759922027588,1.20852875709534,17.0325775146484,1.05476772785187,2.41326069831848,0.316017925739288,2.10666940490886,1.91461915891967,-1.61836826922217
0,0.0166665,6.43574426881969,-0.362330853939056,-17.9759922027588,1.20852875709534,17.0325775146484,1.05476772785187,2.41326069831848,0.316017925739288,2.10666940490886,1.91461915891967,-1.61836826922217
0,0.0166674,6.45241166837513,-0.338527143001556,-17.9997959136963,1.16092133522034,17.0603485107422,1.04835903644562,2.41326069831848,0.341652691364288,2.10534834605233,1.9173637514584,-1.60115652993647
0,0.0166666,6.46907826885581,-0.390101850032806,-17.9521884918213,1.18472504615784,17.1079559326172,1.05476772785187,2.41326069831848,0.322426617145538,2.07192405615014,1.95719656938607,-1.55532497817344
0,0.0166673,6.48574556969106,-0.390101850032806,-17.9521884918213,1.18472504615784,17.1079559326172,1.05476772785187,2.41326069831848,0.322426617145538,2.07192405615014,1.95719656938607,-1.55532497817344
0,0.0166667,6.50241226889193,-0.338527143001556,-17.9997959136963,1.23629975318909,17.0325775146484,1.04835903644562,2.40685200691223,0.322426617145538,2.05780732296647,1.97350092430017,-1.53444677130212
0,0.0166671,6.51907936856151,-0.413905560970306,-17.9759922027588,1.23629975318909,17.0841522216797,1.05476772785187,2.40685200691223,0.348061382770538,2.05529588205381,1.97995995243735,-1.50893342314766
0,0.0166667,6.53574606776237,-0.413905560970306,-17.9759922027588,1.23629975318909,17.0841522216797,1.05476772785187,2.40685200691223,0.348061382770538,2.05529588205381,1.97995995243735,-1.50893342314766
0,0.0166668,6.55241286754608,-0.362330853939056,-17.9521884918213,1.20852875709534,17.0603485107422,1.03645718097687,2.40044331550598,0.348061382770538,2.01273897174843,2.03367979642068,-1.53175142549155
0,0.0166667,6.56907956674695,-0.362330853939056,-17.9521884918213,1.20852875709534,17.0603485107422,1.03645718097687,2.40044331550598,0.348061382770538,2.01273897174843,2.03367979642068,-1.53175142549155
0,0.0166677,6.58574726618826,-0.338527143001556,-17.9521884918213,1.23629975318909,17.1079559326172,1.04286587238312,2.40685200691223,0.348061382770538,2.0155911085851,2.01125747633681,-1.51199008744882
0,0.0166669,6.60241416655481,-0.362330853939056,-17.9521884918213,1.26010346412659,17.0325775146484,1.03096401691437,2.40044331550598,0.309609234333038,2.06721845762376,2.04790030279502,-1.52852232992034
0,0.0166668,6.61908096633852,-0.362330853939056,-17.9521884918213,1.26010346412659,17.0325775146484,1.03096401691437,2.40044331550598,0.309609234333038,2.06721845762376,2.04790030279502,-1.52852232992034
0,0.0166677,6.63574866577983,-0.314723432064056,-17.9759922027588,1.20852875709534,17.1079559326172,1.04286587238312,2.40685200691223,0.309609234333038,2.10994461544312,2.06723185479503,-1.52189326163263
0,0.0166697,6.65241836570203,-0.314723432064056,-17.9759922027588,1.20852875709534,17.1079559326172,1.04286587238312,2.40685200691223,0.309609234333038,2.10994461544312,2.06723185479503,-1.52189326163263
0,0.016667,6.66908536478877,-0.338527143001556,-17.9759922027588,1.26010346412659,17.0841522216797,1.03096401691437,2.40685200691223,0.373696148395538,2.07924174292766,2.06981961551093,-1.5456791725796
0,0.0166668,6.68575216457248,-0.187770307064056,-17.9759922027588,1.33548188209534,17.0603485107422,1.03645718097687,2.39403462409973,0.354470074176788,2.12148811172215,2.09613524122,-1.57080032148484
0,0.0166669,6.70241906493902,-0.187770307064056,-17.9759922027588,1.33548188209534,17.0603485107422,1.03645718097687,2.39403462409973,0.354470074176788,2.12148811172215,2.09613524122,-1.57080032148484
0,0.0166669,6.71908596530557,-0.187770307064056,-17.9045810699463,1.28390717506409,17.0603485107422,1.01906216144562,2.40685200691223,0.341652691364288,2.09007406758452,2.18831558141193,-1.60370777996581
0,0.016667,6.7357529643923,-0.239345014095306,-17.9283847808838,1.28390717506409,17.1079559326172,1.02455532550812,2.40685200691223,0.354470074176788,2.15888256159889,2.2209416022649,-1.57987856464518
0,0.0166671,6.75242006406188,-0.239345014095306,-17.9283847808838,1.28390717506409,17.1079559326172,1.02455532550812,2.40685200691223,0.354470074176788,2.15888256159889,2.2209416022649,-1.57987856464518
0,0.0166671,6.76908716373146,-0.215541303157806,-17.9521884918213,1.30771088600159,17.0841522216797,1.02455532550812,2.40685200691223,0.316017925739288,2.16048602096933,2.34936794474144,-1.57128406821642
0,0.0166667,6.78575386293232,-0.163966596126556,-17.9997959136963,1.30771088600159,17.0603485107422,1.02455532550812,2.40685200691223,0.341652691364288,2.16244260572512,2.30019034272952,-1.5643106