F,DT,T,fps,Start,Hand,Grip,Tracked,Controlling
0,0.1143787,0.114378698170185,8.742887,False,R,False,True,True
0,0.1084812,0.222859896719456,9.218187,False,R,False,True,True
0,0.1079212,0.3307810947299,9.26602,False,R,False,True,True
0,0.1056141,0.436395198106766,9.468432,False,R,False,True,True
0,0.1062046,0.54259979724884,9.415788,False,R,False,True,True
0,0.1054767,0.648076497018337,9.480767,False,R,False,True,True
0,0.1059148,0.753991298377514,9.441551,False,R,False,True,True
0,0.106105,0.860096298158169,9.424626,False,R,False,True,True
0,0.1060222,0.96611849963665,9.431987,False,R,False,True,True
0,0.1061114,1.07222989946604,9.424058,False,R,False,True,True
0,0.109144,1.18137390166521,9.162208,False,R,False,True,True
0,0.1063438,1.28771770000458,9.403463,False,R,False,True,True
0,0.1076098,1.39532750099897,9.292834,False,R,False,True,True
0,0.1078457,1.50317320227623,9.272507,False,R,False,True,True
0,0.1066734,1.60984659940004,9.374409,False,R,False,True,True
0,0.1074841,1.71733070164919,9.303701,False,R,False,True,True
0,0.1067693,1.82410000264645,9.365988,False,R,False,True,True
0,0.1079914,1.93209140002728,9.259996,False,R,False,True,True
0,0.1086128,2.04070419818163,9.207018,False,R,False,True,True
0,0.1070599,2.14776410162449,9.340565,False,R,False,True,True
0,0.1100836,2.25784770399332,9.084005,False,R,False,True,True
0,0.1080664,2.36591410636902,9.25357,False,R,False,True,True
0,0.1079098,2.47382390499115,9.266999,False,R,False,True,True
0,0.1067481,2.58057200163603,9.367848,False,R,False,True,True
0,0.1097655,2.69033750146627,9.110331,False,R,False,True,True
0,0.1062056,2.79654309898615,9.4157,False,R,False,True,True
0,0.1081103,2.90465340018272,9.249812,False,R,False,True,True
0,0.1073977,3.01205109804869,9.311187,False,R,False,True,True
0,0.1076806,3.11973169445992,9.286724,False,R,False,True,True
0,0.1066415,3.22637319564819,9.377213,False,R,False,True,True
0,0.106277,3.33265019208193,9.409374,False,R,False,True,True
0,0.1064564,3.43910659104586,9.393517,False,R,False,True,True
0,0.1063727,3.54547929018736,9.400908,False,R,False,True,True
0,0.1059473,3.6514265909791,9.438655,False,R,False,True,True
0,0.1063472,3.7577737942338,9.403162,False,R,False,True,True
0,0.1063145,3.86408829689026,9.406054,False,R,False,True,True
0,0.108185,3.9722732976079,9.243425,True,R,False,True,True
0,0.1100036,4.08227689564228,9.090611,True,R,False,True,True
0,0.1085454,4.19082229584455,9.212735,True,R,False,True,True
0,0.106078,4.29690029472113,9.427026,True,R,False,True,True
0,0.1064672,4.40336749702692,9.392564,True,R,False,True,True
0,0.1071354,4.51050289720297,9.333983,True,R,False,True,True
0,0.1059678,4.61647069454193,9.43683,True,R,False,True,True
0,0.1064279,4.72289859503508,9.396032,True,R,False,True,True
0,0.1063167,4.82921529561281,9.40586,True,R,False,True,True
0,0.1063523,4.93556759506464,9.402712,True,R,False,True,True
0,0.1078741,5.04344169795513,9.270065,True,R,False,True,True
0,0.1061902,5.14963189512491,9.417065,True,R,False,True,True
0,0.1072345,5.25686639547348,9.325357,True,R,False,True,True
0,0.107084,5.36395039409399,9.338464,True,R,False,True,True
0,0.1093921,5.47334249317646,9.141428,True,R,False,True,True
0,0.1070932,5.58043569326401,9.337661,True,R,False,True,True
0,0.1073667,5.68780239671469,9.313874,True,R,False,True,True
0,0.1060456,5.79384799301624,9.429906,True,R,False,True,True
0,0.1078277,5.90167569369078,9.274055,True,R,False,True,True
0,0.106586,6.00826169550419,9.382095,True,R,False,True,True
0,0.1076525,6.11591419577599,9.289148,True,R,False,True,True
0,0.1059769,6.22189109772444,9.436018,True,R,False,True,True
0,0.107911,6.32980209589005,9.266896,True,R,False,True,True
0,0.1062414,6.43604349344969,9.412527,True,R,False,True,True
0,0.1098635,6.54590699076653,9.102204,True,R,False,True,True
0,0.1059511,6.65185809135437,9.438316,True,R,False,True,True
0,0.1102021,6.76206018775702,9.074238,True,R,False,True,True
0,0.1060741,6.86813428997993,9.427372,True,R,False,True,True
0,0.1107107,6.97884499281645,9.032551,True,R,False,True,True
0,0.1054245,7.08426949381828,9.485461,True,R,False,True,True
0,0.1084376,7.1927070915699,9.221893,True,R,False,True,True
0,0.1060425,7.29874958842993,9.430182,True,R,False,True,True
0,0.1078766,7.40662618726492,9.269851,True,R,False,True,True
0,0.106615,7.51324118673801,9.379543,True,R,False,True,True
0,0.10974,7.62298118323088,9.112448,True,R,False,True,True
0,0.1066831,7.72966428101063,9.373556,True,R,False,True,True
0,0.1081634,7.83782768249512,9.245272,True,R,False,True,True
0,0.1057408,7.94356848299503,9.457088,True,R,False,True,True
0,0.1084654,8.05203388631344,9.21953,True,R,False,True,True
0,0.1070533,8.15908718854189,9.341141,True,R,False,True,True
0,0.1079561,8.26704328507185,9.263024,True,R,False,True,True
0,0.1065515,8.37359478324652,9.385133,True,R,False,True,True
0,0.1098732,8.48346798121929,9.1014,True,R,False,True,True
0,0.106362,8.58982998132706,9.401854,True,R,False,True,True
0,0.108041,8.6978709846735,9.255745,True,R,False,True,True
0,0.10614,8.8040109872818,9.421518,True,R,False,True,True
0,0.1083151,8.91232609003782,9.232323,True,R,False,True,True
0,0.1057732,9.01809929311275,9.45419,True,R,False,True,True
0,0.1085195,9.12661879509687,9.214933,True,R,False,True,True
0,0.1061473,9.23276609182358,9.420871,True,R,False,True,True
0,0.1079251,9.34069119393826,9.265685,True,R,False,True,True
0,0.1058228,9.44651399552822,9.449759,True,R,False,True,True
0,0.1080669,9.55458089709282,9.253527,True,R,False,True,True
0,0.106331,9.66091189533472,9.404595,True,R,False,True,True
0,0.1082205,9.7691323980689,9.240394,True,R,False,True,True
0,0.1095391,9.87867149710655,9.12916,True,R,False,True,True
0,0.1085247,9.98719619959593,9.214492,True,R,False,True,True
0,0.1066588,10.0938550010324,9.375691,True,R,False,True,True
0,0.1076179,10.2014729008079,9.292134,True,R,False,True,True
0,0.1063795,10.3078524023294,9.400308,True,R,False,True,True
0,0.1082783,10.4161306992173,9.235461,True,R,False,True,True
0,0.1061752,10.5223058983684,9.418395,True,R,False,True,True
0,0.108376,10.6306818947196,9.227136,True,R,False,True,True
0,0.1066433,10.7373251914978,9.377054,True,R,False,True,True
0,0.1079397,10.8452648892999,9.264432,True,R,False,True,True
0,0.1063806,10.9516454860568,9.40021,True,R,False,True,True
0,0.1096449,11.0612903833389,9.120352,True,R,False,True,True
0,0.1067379,11.168028280139,9.368744,True,R,False,True,True
0,0.1095558,11.2775840833783,9.127769,True,R,False,True,True
0,0.1063043,11.3838883861899,9.406957,True,R,False,True,True
0,0.1095643,11.4934526830912,9.127061,True,R,False,True,True
0,0.1079283,11.6013809815049,9.26541,True,R,False,True,True
0,0.1086632,11.710044182837,9.202747,True,R,False,True,True
0,0.1060688,11.8161129802465,9.427843,True,R,False,True,True
0,0.1078662,11.923979178071,9.270745,True,R,False,True,True
0,0.1059242,12.0299033746123,9.440714,True,R,False,True,True
0,0.1080017,12.1379050761461,9.259113,True,R,False,True,True
0,0.1060559,12.2439609766006,9.428989,True,R,False,True,True
0,0.1090168,12.3529777750373,9.172898,True,R,False,True,True
0,0.1069325,12.4599102735519,9.351694,True,R,False,True,True
0,0.1086679,12.5685781762004,9.20235,True,R,False,True,True
0,0.1068791,12.6754572764039,9.356366,True,R,False,True,True
0,0.1095095,12.7849667742848,9.131628,True,R,False,True,True
0,0.1065592,12.8915259763598,9.384455,True,R,False,True,True
0,0.1087289,13.0002548769116,9.197186,True,R,False,True,True
0,0.1063237,13.1065785735846,9.405241,True,R,False,True,True
0,0.1079879,13.2145664766431,9.260297,True,R,False,True,True
0,0.1059582,13.3205246776342,9.437684,True,R,False,True,True
0,0.107969,13.4284936785698,9.261918,True,R,False,True,True
0,0.1066266,13.5351202785969,9.378523,True,R,False,True,True
0,0.1080694,13.643189676106,9.253313,True,R,False,True,True
0,0.1067547,13.7499443739653,9.36727,True,R,False,True,True
0,0.1084194,13.8583637773991,9.223441,True,R,False,True,True
0,0.1069107,13.9652744755149,9.353601,True,R,False,True,True
0,0.1082412,14.073515675962,9.238626,True,R,False,True,True
0,0.1057442,14.1792598739266,9.456783,True,R,False,True,True
0,0.1084363,14.2876961752772,9.222004,True,R,False,True,True
0,0.1061773,14.393873475492,9.418209,True,R,False,True,True
0,0.1082721,14.5021455734968,9.23599,True,R,False,True,True
0,0.1071639,14.6093094721437,9.331501,True,R,False,True,True
0,0.1081195,14.7174289748073,9.249025,True,R,False,True,True
0,0.106633,14.8240619748831,9.37796,True,R,False,True,True
0,0.1083968,14.9324587732553,9.225365,True,R,False,True,True
0,0.1058345,15.0382932722569,9.448715,True,R,False,True,True
0,0.1082092,15.1465024724603,9.241359,True,R,False,True,True
0,0.1066483,15.2531507760286,9.376615,True,R,False,True,True
0,0.1078656,15.3610163778067,9.270796,True,R,False,True,True
0,0.1065316,15.4675479754806,9.386887,True,R,False,True,True
0,0.1078112,15.5753591731191,9.275475,True,R,False,True,True
0,0.1057904,15.681149572134,9.452654,True,R,False,True,True
0,0.1079482,15.7890977710485,9.263702,True,R,False,True,True
0,0.1057831,15.8948808684945,9.453306,True,R,False,True,True
0,0.1080484,16.0029292702675,9.255112,True,R,False,True,True
0,0.1065325,16.1094617694616,9.386806,True,R,False,True,True
0,0.1076678,16.2171295657754,9.287828,True,R,False,True,True
0,0.1061645,16.3232940658927,9.419345,True,R,False,True,True
0,0.1098034,16.4330974668264,9.107186,True,R,False,True,True
0,0.1053876,16.5384850651026,9.488783,True,R,False,True,True
0,0.1075622,16.6460472643375,9.296947,True,R,False,True,True
0,0.1058306,16.7518778666854,9.449062,True,R,False,True,True
0,0.1085856,16.8604634702206,9.209324,True,R,False,True,True
0,0.1064857,16.966949172318,9.390932,True,R,False,True,True
0,0.108029,17.0749781727791,9.256774,True,R,False,True,True
0,0.1077327,17.1827108711004,9.282233,True,R,False,True,True
0,0.1080974,17.2908082678914,9.250916,True,R,False,True,True
0,0.1073141,17.3981223702431,9.318439,True,R,False,True,True
0,0.1085106,17.5066329687834,9.21569,True,R,False,True,True
0,0.1073547,17.6139876693487,9.314916,True,R,False,True,True
0,0.1096817,17.723669372499,9.11729,True,R,False,True,True
0,0.1055186,17.8291879743338,9.477002,True,R,False,True,True
0,0.1075916,17.9367795735598,9.294406,True,R,False,True,True
0,0.1060202,18.0427997708321,9.432165,True,R,False,True,True
0,0.1085572,18.151356972754,9.211734,True,R,False,True,True
0,0.1066337,18.2579906731844,9.377898,True,R,False,True,True
0,0.1089787,18.3669693768024,9.176105,True,R,False,True,True
0,0.1062537,18.4732230752707,9.411437,True,R,False,True,True
0,0.1123886,18.5856116786599,8.897699,True,R,False,True,True
0,0.1068361,18.6924477815628,9.360132,True,R,False,True,True
0,0.1102142,18.8026619851589,9.07324,True,R,False,True,True
0,0.1062669,18.9089288860559,9.410268,True,R,False,True,True
0,0.1077938,19.0167226865888,9.276972,True,R,False,True,True
0,0.1056326,19.1223552897573,9.466774,True,R,False,True,True
0,0.1085005,19.2308557927608,9.216547,True,R,False,True,True
0,0.1082122,19.3390679955482,9.241102,True,R,False,True,True
0,0.1090194,19.4480873942375,9.17268,True,R,False,True,True
0,0.1082087,19.556296095252,9.241401,True,R,False,True,True
0,0.1080194,19.6643154919147,9.257597,True,R,False,True,True
0,0.1058748,19.7701902911067,9.445118,True,R,False,True,True
0,0.1076267,19.8778169900179,9.291375,True,R,False,True,True
0,0.1055159,19.9833328872919,9.477245,True,R,False,True,True
0,0.1080153,20.0913481861353,9.257948,True,R,False,True,True
0,0.1059095,20.1972576826811,9.442024,True,R,False,True,True
0,0.108348,20.3056056797504,9.22952,True,R,False,True,True
0,0.106041,20.4116466790438,9.430315,True,R,False,True,True
0,0.1084095,20.520056180656,9.224284,True,R,False,True,True
0,0.1061838,20.626239977777,9.417633,True,R,False,True,True
0,0.1078087,20.734048679471,9.275689,True,R,False,True,True
0,0.1077528,20.8418014794588,9.280501,True,R,False,True,True
0,0.1079,20.9497014805675,9.26784,True,R,False,True,True
0,0.1055801,21.0552815794945,9.471482,True,R,False,True,True
0,0.1081085,21.1633900776505,9.249967,True,R,False,True,True
0,0.1060785,21.269468575716,9.426981,True,R,False,True,True
0,0.1080135,21.3774820789695,9.258101,True,R,False,True,True
0,0.106418,21.483900077641,9.396907,True,R,False,True,True
0,0.1082605,21.5921605750918,9.236979,True,R,False,True,True
0,0.1062421,21.6984026730061,9.412465,True,R,False,True,True
0,0.107713,21.8061156719923,9.283931,True,R,False,True,True
0,0.1058292,21.911944873631,9.449188,True,R,False,True,True
0,0.1076527,22.0195975750685,9.28913,True,R,False,True,True
0,0.1054334,22.1250309720635,9.484661,True,R,False,True,True
0,0.1069245,22.2319554686546,9.352394,True,R,False,True,True
0,0.106328,22.3382834717631,9.40486,True,R,False,True,True
0,0.1078311,22.4461145699024,9.273763,True,R,False,True,True
0,0.1080887,22.5542032718658,9.25166,True,R,False,True,True
0,0.1078688,22.662072069943,9.270521,True,R,False,True,True
0,0.1061159,22.768187969923,9.423658,True,R,False,True,True
0,0.107501,22.875688970089,9.302239,True,R,False,True,True
0,0.1061091,22.9817980676889,9.424263,True,R,False,True,True
0,0.1103286,23.0921266674995,9.063833,True,R,False,True,True
0,0.1082033,23.2003299668431,9.241862,True,R,False,True,True
0,0.1073238,23.3076537698507,9.317597,True,R,False,True,True
0,0.1058707,23.4135244712234,9.445484,True,R,False,True,True
0,0.1085186,23.5220430716872,9.21501,True,R,False,True,True
0,0.1056261,23.6276691704988,9.467357,True,R,False,True,True
0,0.1077563,23.7354254722595,9.2802,True,R,False,True,True
0,0.1060335,23.8414589688182,9.430982,True,R,False,True,True
0,0.1076038,23.9490627720952,9.293352,True,R,False,True,True
0,0.1066479,24.0557106733322,9.37665,True,R,False,True,True
0,0.1075623,24.1632729768753,9.296937,True,R,False,True,True
0,0.106125,24.2693979740143,9.422851,True,R,False,True,True
0,0.1077865,24.3771844729781,9.277599,True,R,False,True,True
0,0.1062132,24.4833976700902,9.415026,True,R,False,True,True
0,0.1074148,24.5908124670386,9.309705,True,R,False,True,True
0,0.1074413,24.6982537657022,9.307408,True,R,False,True,True
0,0.108238,24.8064917623997,9.2389,True,R,False,True,True
0,0.1068458,24.9133375659585,9.359282,True,R,False,True,True
0,0.1079524,25.0212899670005,9.263342,True,R,False,True,True
0,0.10542,25.1267099678516,9.485866,True,R,False,True,True
0,0.1079922,25.2347021698952,9.259928,True,R,False,True,True
0,0.1059203,25.3406224697828,9.441061,True,R,False,True,True
0,0.1084654,25.4490878731012,9.21953,True,R,False,True,True
0,0.1062482,25.555336073041,9.411924,True,R,False,True,True
0,0.107534,25.6628700718284,9.299384,True,R,False,True,True
0,0.1060071,25.76887717098,9.433331,True,R,False,True,True
0,0.1084488,25.8773259744048,9.220941,True,R,False,True,True
0,0.1062453,25.9835712760687,9.412181,True,R,False,True,True
0,0.1078619,26.0914331749082,9.271114,True,R,False,True,True
0,0.1054993,26.1969324722886,9.478736,True,R,False,True,True
0,0.1080567,26.3049891740084,9.2544,True,R,False,True,True
0,0.1060322,26.411021374166,9.431097,True,R,False,True,True
0,0.108307,26.5193283706903,9.233014,True,R,False,True,True
0,0.1061823,26.6255106702447,9.417766,True,R,False,True,True
0,0.108179,26.733689673245,9.243938,True,R,False,True,True
0,0.1059102,26.8395998701453,9.441961,True,R,False,True,True
0,0.1079182,26.9475180730224,9.266277,True,R,False,True,True
0,0.1064674,27.0539854764938,9.392546,True,R,False,True,True
0,0.1083266,27.1623120754957,9.231343,True,R,False,True,True
0,0.106117,27.2684290781617,9.42356,True,R,False,True,True
0,0.107457,27.3758860751987,9.306048,True,R,False,True,True
0,0.1062176,27.4821036756039,9.414636,True,R,False,True,True
0,0.1082165,27.5903201773763,9.240735,True,R,False,True,True
0,0.1063695,27.6966896802187,9.401191,True,R,False,True,True
0,0.1076182,27.8043078780174,9.292109,True,R,False,True,True
0,0.1057466,27.910054475069,9.456569,True,R,False,True,True
0,0.1075869,28.0176413729787,9.294812,True,R,False,True,True
0,0.1095076,28.1271489709616,9.131786,True,R,False,True,True
0,0.1088695,28.2360184714198,9.185309,True,R,False,True,True
0,0.1069954,28.3430138677359,9.346196,True,R,False,True,True
0,0.1077034,28.4507172703743,9.284758,True,R,False,True,True
0,0.1063204,28.5570376738906,9.405533,True,R,False,True,True
0,0.1074862,28.6645238772035,9.303519,True,R,False,True,True
0,0.1059238,28.770447678864,9.440749,True,R,False,True,True
0,0.1076192,28.8780668824911,9.292022,True,R,False,True,True
0,0.1065061,28.9845729842782,9.389133,True,R,False,True,True
0,0.1086483,29.0932212844491,9.20401,True,R,False,True,True
0,0.1059697,29.1991909816861,9.43666,True,R,False,True,True
0,0.1079394,29.307130381465,9.264458,True,R,False,True,True
0,0.1085195,29.4156498834491,9.214933,True,R,False,True,True
0,0.1083659,29.5240157842636,9.227995,True,R,False,True,True
0,0.1062567,29.6302724853158,9.411171,True,R,False,True,True
0,0.1087144,29.7389868870378,9.198413,True,R,False,True,True
0,0.1058554,29.8448422849178,9.44685,True,R,False,True,True
0,0.1076535,29.9524957835674,9.289062,True,R,False,True,True
0,0.1066069,30.0591026842594,9.380256,True,R,False,True,True
0,0.1084007,30.1675033867359,9.225033,True,R,False,True,True
0,0.1057862,30.2732895836234,9.453029,True,R,False,True,True
0,0.110306,30.3835955858231,9.06569,True,R,False,True,True
0,0.1068072,30.4904027879238,9.362664,True,R,False,True,True
0,0.1084742,30.5988769903779,9.218781,True,R,False,True,True
0,0.1061518,30.7050287872553,9.420472,True,R,False,True,True
0,0.1075676,30.8125963881612,9.296479,True,R,False,True,True
0,0.1058793,30.9184756875038,9.444716,True,R,False,True,True
0,0.108123,31.0265986844897,9.248726,True,R,False,True,True
0,0.1065702,31.1331688836217,9.383486,True,R,False,True,True
0,0.108056,31.2412248849869,9.25446,True,R,False,True,True
0,0.1056619,31.3468867838383,9.464149,True,R,False,True,True
0,0.107654,31.4545407816768,9.289019,True,R,False,True,True
0,0.1056354,31.560176178813,9.466524,True,R,False,True,True
0,0.1080113,31.6681874766946,9.25829,True,R,False,True,True
0,0.1062918,31.774479277432,9.408063,True,R,False,True,True
0,0.1074064,31.8818856775761,9.310432,True,R,False,True,True
0,0.1072704,31.9891560748219,9.322236,True,R,False,True,True
0,0.1090582,32.098214276135,9.169415,True,R,False,True,True
0,0.1059628,32.2041770741344,9.437274,True,R,False,True,True
0,0.107393,32.311570070684,9.311594,True,R,False,True,True
0,0.1064577,32.4180277734995,9.393402,True,R,False,True,True
0,0.1077084,32.5257361754775,9.284327,True,R,False,True,True
0,0.1058119,32.6315480768681,9.450733,True,R,False,True,True
0,0.1103611,32.7419091761112,9.061164,True,R,False,True,True
0,0.1063284,32.8482375741005,9.404825,True,R,False,True,True
0,0.1075924,32.9558299705386,9.294337,True,R,False,True,True
0,0.1058434,33.0616733729839,9.44792,True,R,False,True,True
0,0.1076451,33.1693184748292,9.289786,True,R,False,True,True
0,0.1059859,33.275304377079,9.435217,True,R,False,True,True
0,0.1080167,33.3833210766315,9.257828,True,R,False,True,True
0,0.1061126,33.4894336760044,9.423951,True,R,False,True,True
0,0.1079705,33.5974041745067,9.261789,True,R,False,True,True
0,0.1089243,33.7063284739852,9.180688,True,R,False,True,True
0,0.1079943,33.8143227770925,9.259748,True,R,False,True,True
0,0.1059484,33.9202711805701,9.438557,True,R,False,True,True
0,0.1097132,34.0299843773246,9.114674,True,R,False,True,True
0,0.1060957,34.1360800787807,9.425452,True,R,False,True,True
0,0.1120097,34.2480897754431,8.927798,True,R,False,True,True
0,0.1057143,34.3538040742278,9.459458,True,R,False,True,True
0,0.1100409,34.4638449773192,9.08753,True,R,False,True,True
0,0.105975,34.5698199793696,9.436188,True,R,False,True,True
0,0.1078187,34.6776386797428,9.274829,True,R,False,True,True
0,0.1059479,34.783586576581,9.438601,True,R,False,True,True
0,0.1101011,34.8936876729131,9.082561,True,R,False,True,True
0,0.1062185,34.9999061748385,9.414556,True,R,False,True,True
0,0.1079813,35.1078874766827,9.260862,True,R,False,True,True
0,0.1059344,35.2138218730688,9.439805,True,R,False,True,True
0,0.1083981,35.3222199752927,9.225254,True,R,False,True,True
0,0.1060525,35.4282724782825,9.429292,True,R,False,True,True
0,0.1080903,35.5363627746701,9.251524,True,R,False,True,True
0,0.1066484,35.643011175096,9.376606,True,R,False,True,True
0,0.1083173,35.7513284757733,9.232136,True,R,False,True,True
0,0.1076687,35.8589971736073,9.28775,True,R,False,True,True
0,0.1098574,35.9688545763493,9.102709,True,R,False,True,True
0,0.1064764,36.0753309726715,9.391753,True,R,False,True,True
0,0.1078637,36.1831946745515,9.27096,True,R,False,True,True
0,0.1103335,36.2935281768441,9.06343,True,R,False,True,True
0,0.107349,36.4008771777153,9.315411,True,R,False,True,True
0,0.1068853,36.5077624768019,9.355824,True,R,False,True,True
0,0.1075903,36.6153527796268,9.294518,True,R,False,True,True
0,0.106095,36.7214477807283,9.425515,True,R,False,True,True
0,0.108176,36.8296237811446,9.244195,True,R,False,True,True
0,0.105839,36.9354627802968,9.448313,True,R,False,True,True
0,0.1082574,37.0437201783061,9.237244,True,R,False,True,True
0,0.1060091,37.1497292816639,9.433152,True,R,False,True,True
0,0.1082731,37.2580023780465,9.235905,True,R,False,True,True
0,0.105788,37.3637903779745,9.452868,True,R,False,True,True
0,0.1076883,37.4714786782861,9.286059,True,R,False,True,True
0,0.1079496,37.5794282779098,9.263582,True,R,False,True,True
0,0.1075153,37.6869435757399,9.301002,True,R,False,True,True
0,0.1064402,37.7933837771416,9.394946,True,R,False,True,True
0,0.1076959,37.9010796770453,9.285404,True,R,False,True,True
0,0.1059144,38.0069940760732,9.441586,True,R,False,True,True
0,0.1081052,38.115099273622,9.250249,True,R,False,True,True
0,0.10607,38.221169270575,9.427736,True,R,False,True,True
0,0.108931,38.3301002681255,9.180123,True,R,False,True,True
0,0.105662,38.4357622712851,9.46414,True,R,False,True,True
0,0.1076413,38.5434035733342,9.290114,True,R,False,True,True
0,0.1091834,38.6525869742036,9.158901,True,R,False,True,True
0,0.1085825,38.7611694708467,9.209587,True,R,False,True,True
0,0.1060032,38.8671726733446,9.433678,True,R,False,True,True
0,0.108271,38.9754436761141,9.236083,True,R,False,True,True
0,0.1055591,39.081002779305,9.473366,True,R,False,True,True
0,0.1090133,39.1900160759687,9.173193,True,R,False,True,True
0,0.105863,39.295879073441,9.446171,True,R,False,True,True
0,0.1079601,39.4038391709328,9.262682,True,R,False,True,True
0,0.1061308,39.509969972074,9.422336,True,R,False,True,True
0,0.1075544,39.6175243705511,9.297621,True,R,False,True,True
0,0.1060225,39.7235468700528,9.43196,True,R,False,True,True
0,0.1084579,39.8320047706366,9.220167,True,R,False,True,True
0,0.105867,39.9378717690706,9.445814,True,R,False,True,True
0,0.1084581,40.04632987082,9.22015,True,R,False,True,True
0,0.1059636,40.1522934734821,9.437202,True,R,False,True,True
0,0.1082926,40.2605860754848,9.234241,True,R,False,True,True
0,0.1060575,40.3666435778141,9.428847,True,R,False,True,True
0,0.1081722,40.4748157784343,9.244519,True,R,False,True,True
0,0.1069568,40.5817725807428,9.349569,True,R,False,True,True
0,0.1094284,40.691200979054,9.138395,True,R,False,True,True
0,0.1059186,40.7971195802093,9.441213,True,R,False,True,True
0,0.1110383,40.908157877624,9.005901,True,R,False,True,True
0,0.1063927,41.0145505741239,9.399141,True,R,False,True,True
0,0.1072981,41.1218486726284,9.31983,True,R,False,True,True
0,0.1062051,41.2280537709594,9.415744,True,R,False,True,True
0,0.1095035,41.3375572711229,9.132128,True,R,False,True,True
0,0.1066799,41.4442371726036,9.373837,True,R,False,True,True
0,0.1080915,41.5523286759853,9.251421,True,R,False,True,True
0,0.1060409,41.6583695784211,9.430324,True,R,False,True,True
0,0.1086912,41.7670607790351,9.200377,True,R,False,True,True
0,0.1062638,41.8733245804906,9.410542,True,R,False,True,True
0,0.1087987,41.9821232780814,9.191286,True,R,False,True,True
0,0.1064039,42.0885271802545,9.398151,True,R,False,True,True
0,0.1078532,42.1963803768158,9.271862,True,R,False,True,True
0,0.1064051,42.3027854785323,9.398046,True,R,False,True,True
0,0.1076747,42.4104601815343,9.287232,True,R,False,True,True
0,0.1055144,42.5159745812416,9.47738,True,R,False,True,True
0,0.1079441,42.6239186823368,9.264054,True,R,False,True,True
0,0.1057128,42.7296314835548,9.459592,True,R,False,True,True
0,0.1081055,42.8377369865775,9.250223,True,R,False,True,True
0,0.1056611,42.9433980882168,9.464221,True,R,False,True,True
0,0.1077981,43.0511961877346,9.276602,True,R,False,True,True
0,0.1063508,43.1575469896197,9.402844,True,R,False,True,True
0,0.1073487,43.2648956924677,9.315436,True,R,False,True,True
0,0.106805,43.3717006891966,9.362858,True,R,False,True,True
0,0.1079997,43.4797003865242,9.259285,True,R,False,True,True
0,0.1064424,43.5861427858472,9.394753,True,R,False,True,True
0,0.1079877,43.69413048774,9.260314,True,R,False,True,True
0,0.1059691,43.8000995889306,9.436713,True,R,False,True,True
0,0.1078704,43.9079699888825,9.270384,True,R,False,True,True
0,0.1052591,44.0132290869951,9.500366,True,R,False,True,True
0,0.108281,44.1215100884438,9.23523,True,R,False,True,True
0,0.1064886,44.227998688817,9.390676,True,R,False,True,True
0,0.1077329,44.335731588304,9.282216,True,R,False,True,True
0,0.1062893,44.4420208856463,9.408285,True,R,False,True,True
0,0.1080897,44.5501105859876,9.251575,True,R,False,True,True
0,0.1063329,44.6564434841275,9.404428,True,R,False,True,True
0,0.1097771,44.7662205845118,9.109368,True,R,False,True,True
0,0.1064655,44.8726860880852,9.392714,True,R,False,True,True
0,0.1083554,44.9810414910316,9.228889,True,R,False,True,True
0,0.1058665,45.0869079902768,9.445859,True,R,False,True,True
0,0.1099059,45.1968138888478,9.098693,True,R,False,True,True
0,0.1067901,45.3036039918661,9.364163,True,R,False,True,True
0,0.1078612,45.411465190351,9.271174,True,R,False,True,True
0,0.1085192,45.5199843868613,9.214959,True,R,False,True,True
0,0.1079987,45.6279830858111,9.259371,True,R,False,True,True
0,0.1062119,45.7341949865222,9.415141,True,R,False,True,True
0,0.1082061,45.8424010872841,9.241623,True,R,False,True,True
0,0.1061932,45.9485942870378,9.416799,True,R,False,True,True
0,0.1103377,46.0589319840074,9.063086,True,R,False,True,True
0,0.105889,46.1648209840059,9.443851,True,R,False,True,True
0,0.1081258,46.2729467824101,9.248487,True,R,False,True,True
0,0.1064101,46.3793568834662,9.397604,True,R,False,True,True
0,0.108103,46.4874598830938,9.250437,True,R,False,True,True
0,0.1065006,46.5939604863524,9.389618,True,R,False,True,True
0,0.1083436,46.7023040875793,9.229895,True,R,False,True,True
0,0.1062815,46.8085855841637,9.408976,True,R,False,True,True
0,0.107432,46.9160175845027,9.308213,True,R,False,True,True
0,0.1061234,47.0221409872174,9.422993,True,R,False,True,True
0,0.1076977,47.1298386901617,9.285249,True,R,False,True,True
0,0.1057078,47.2355464920402,9.46004,True,R,False,True,True
0,0.1077821,47.3433285951614,9.277978,True,R,False,True,True
0,0.1057426,47.4490711987019,9.456926,True,R,False,True,True
0,0.1075788,47.5566499978304,9.295512,True,R,False,True,True
0,0.1057773,47.6624272987247,9.453824,True,R,False,True,True
0,0.1075554,47.7699826955795,9.297534,True,R,False,True,True
0,0.1061223,47.8761049956083,9.42309,True,R,False,True,True
0,0.1076787,47.9837836921215,9.286888,True,R,False,True,True
0,0.10622,48.0900036916137,9.414423,True,R,False,True,True
0,0.1077753,48.1977789923549,9.278563,True,R,False,True,True
0,0.1065793,48.3043582886457,9.382686,True,R,False,True,True
0,0.1086117,48.4129699915648,9.207111,True,R,False,True,True
0,0.1068212,48.5197911933064,9.361438,True,R,False,True,True
0,0.1091854,48.6289765909314,9.158734,True,R,False,True,True
0,0.105933,48.734909594059,9.439929,True,R,False,True,True
0,0.1074641,48.8423736914992,9.305433,True,R,False,True,True
0,0.10612,48.9484936892986,9.423295,True,R,False,True,True
0,0.1099067,49.0584003925323,9.098626,True,R,False,True,True
0,0.1060161,49.1644164919853,9.432529,True,R,False,True,True
0,0.1078429,49.2722593918443,9.272748,True,R,False,True,True
0,0.1059225,49.3781818896532,9.440865,True,R,False,True,True
0,0.1094316,49.487613491714,9.138128,True,R,False,True,True
0,0.1068501,49.5944635942578,9.358906,True,R,False,True,True
0,0.1081585,49.7026220932603,9.24569,True,R,False,True,True
0,0.1068004,49.809422492981,9.363261,True,R,False,True,True
0,0.107775,49.9171974956989,9.278589,True,R,False,True,True
0,0.1064021,50.0235995948315,9.398311,True,R,False,True,True
0,0.1089077,50.1325072944164,9.182087,True,R,False,True,True
0,0.1064122,50.2389194965363,9.397419,True,R,False,True,True
0,0.107888,50.3468074947596,9.268871,True,R,False,True,True
0,0.1074343,50.454241797328,9.308014,True,R,False,True,True
0,0.1080979,50.5623397007585,9.250874,True,R,False,True,True
0,0.1058474,50.6681871041656,9.447563,True,R,False,True,True
0,0.1077972,50.7759843021631,9.276679,True,R,False,True,True
0,0.1060447,50.882029004395,9.429985,True,R,False,True,True
0,0.1078291,50.9898581057787,9.273934,True,R,False,True,True
0,0.1064097,51.0962678045034,9.397639,True,R,False,True,True
0,0.107844,51.2041118070483,9.272653,True,R,False,True,True
0,0.1079324,51.312044210732,9.265059,True,R,False,True,True
0,0.1073878,51.4194320142269,9.312044,True,R,False,True,True
0,0.1083853,51.5278173163533,9.226343,True,R,False,True,True
0,0.1080046,51.635821916163,9.258865,True,R,False,True,True
0,0.1079069,51.7437288165092,9.267248,True,R,False,True,True
0,0.1077125,51.8514413163066,9.283974,True,R,False,True,True
0,0.1062953,51.9577366188169,9.407753,True,R,False,True,True
0,0.1085536,52.0662902221084,9.212039,True,R,False,True,True
0,0.106363,52.1726532205939,9.401766,True,R,False,True,True
0,0.1073447,52.2799979224801,9.315784,True,R,False,True,True
0,0.1061536,52.386151522398,9.420312,True,R,False,True,True
0,0.1082407,52.4943922236562,9.238668,True,R,False,True,True
0,0.1065627,52.6009549200535,9.384147,True,R,False,True,True
0,0.107923,52.7088779211044,9.265865,True,R,False,True,True
0,0.1058637,52.8147416189313,9.446109,True,R,False,True,True
0,0.1083346,52.9230762198567,9.230661,True,R,False,True,True
0,0.106077,53.0291532203555,9.427114,True,R,False,True,True
0,0.1077744,53.1369276195765,9.278642,True,R,False,True,True
0,0.1063246,53.2432522177696,9.405161,True,R,False,True,True
0,0.1074603,53.3507125154138,9.305762,True,R,False,True,True
0,0.1071577,53.4578702151775,9.332041,True,R,False,True,True
0,0.1079547,53.5658249184489,9.263144,True,R,False,True,True
0,0.1065529,53.6723778173327,9.38501,True,R,False,True,True
0,0.1072203,53.7795981168747,9.326592,True,R,False,True,True
0,0.1057224,53.8853205144405,9.458734,True,R,False,True,True
0,0.1079549,53.993275411427,9.263127,True,R,False,True,True
0,0.1058988,54.0991742089391,9.442978,True,R,False,True,True
0,0.1076377,54.2068119123578,9.290425,True,R,False,True,True
0,0.1059655,54.3127774149179,9.437034,True,R,False,True,True
0,0.1070669,54.419844314456,9.339954,True,R,False,True,True
0,0.1060842,54.5259285122156,9.426475,True,R,False,True,True
0,0.1075499,54.633478410542,9.29801,True,R,False,True,True
0,0.1075784,54.7410568073392,9.295547,True,R,False,True,True
0,0.1080648,54.8491216078401,9.253707,True,R,False,True,True
0,0.1059048,54.9550264105201,9.442442,True,R,False,True,True
0,0.107698,55.0627244114876,9.285223,True,R,False,True,True
0,0.1052648,55.1679892092943,9.499852,True,R,False,True,True
0,0.1084026,55.2763918116689,9.224871,True,R,False,True,True
0,0.1062363,55.3826281130314,9.412978,True,R,False,True,True
0,0.1083425,55.4909706115723,9.229988,True,R,False,True,True
0,0.1057541,55.5967247113585,9.455898,True,R,False,True,True
0,0.1086239,55.705348610878,9.206078,True,R,False,True,True
0,0.1065349,55.8118835091591,9.386596,True,R,False,True,True
0,0.1082353,55.9201188087463,9.23913,True,R,False,True,True
0,0.1058728,56.0259916111827,9.445296,True,R,False,True,True
0,0.107913,56.1339046135545,9.266724,True,R,False,True,True
0,0.1062775,56.2401821166277,9.409329,True,R,False,True,True
0,0.1080129,56.3481950163841,9.258154,True,R,False,True,True
0,0.106348,56.4545430168509,9.403091,True,R,False,True,True
0,0.1073499,56.5618929192424,9.315332,True,R,False,True,True
0,0.1065985,56.6684914156795,9.380996,True,R,False,True,True
0,0.1081996,56.7766910120845,9.242179,True,R,False,True,True
0,0.1062238,56.8829148113728,9.414086,True,R,False,True,True
0,0.108286,56.991200812161,9.234804,True,R,False,True,True
0,0.1058878,57.0970886126161,9.443958,True,R,False,True,True
0,0.1077812,57.2048698142171,9.278056,True,R,False,True,True
0,0.1060588,57.3109286129475,9.428732,True,R,False,True,True
0,0.1082965,57.4192251116037,9.233909,True,R,False,True,True
0,0.1068573,57.5260824114084,9.358275,True,R,False,True,True
0,0.1080575,57.6341399103403,9.254333,True,R,False,True,True
0,0.1061727,57.7403126135468,9.418616,True,R,False,True,True
0,0.1076896,57.8480022102594,9.285948,True,R,False,True,True
0,0.1061,57.9541022107005,9.425071,True,R,False,True,True
0,0.1081656,58.0622678101063,9.245084,True,R,False,True,True
0,0.1060885,58.1683563068509,9.426093,True,R,False,True,True
0,0.109555,58.2779113054276,9.127835,True,R,False,True,True
0,0.1050746,58.3829859048128,9.517048,True,R,False,True,True
0,0.108308,58.4912939071655,9.232928,True,R,False,True,True
0,0.1063163,58.5976102054119,9.405895,True,R,False,True,True
0,0.1076744,58.7052846029401,9.287259,True,R,False,True,True
0,0.1067125,58.8119971007109,9.370974,True,R,False,True,True
0,0.1080097,58.9200068041682,9.258428,True,R,False,True,True
0,0.1061139,59.0261207073927,9.423836,True,R,False,True,True
0,0.1087956,59.134916305542,9.191548,True,R,False,True,True
0,0.1071169,59.2420332059264,9.335595,True,R,False,True,True
0,0.1079716,59.3500048071146,9.261695,True,R,False,True,True
0,0.1080825,59.458087310195,9.252192,True,R,False,True,True
0,0.1082619,59.566349208355,9.23686,True,R,False,True,True
0,0.1064276,59.6727768108249,9.396059,True,R,False,True,True
0,0.1076267,59.7804035097361,9.291375,True,R,False,True,True
0,0.1056036,59.8860071077943,9.469375,True,R,False,True,True
0,0.1085121,59.9945192113519,9.215562,True,R,False,True,True
0,0.1068034,60.1013226136565,9.362998,True,R,False,True,True
0,0.1085295,60.2098521143198,9.214085,True,R,False,True,True
0,0.1071626,60.3170147165656,9.331614,True,R,False,True,True
0,0.1079295,60.4249442145228,9.265307,True,R,False,True,True
0,0.1061524,60.5310966148973,9.420418,True,R,False,True,True
0,0.1109356,60.6420322135091,9.014239,True,R,False,True,True
0,0.1058221,60.7478543147445,9.449821,True,R,False,True,True
0,0.1082122,60.8560665175319,9.241102,True,R,False,True,True
0,0.1078028,60.9638693183661,9.276196,True,R,False,True,True
0,0.1074874,61.0713567212224,9.303416,True,R,False,True,True
0,0.1057009,61.1770576238632,9.460657,True,R,False,True,True
0,0.1081338,61.285191424191,9.247802,True,R,False,True,True
0,0.106311,61.3915024250746,9.406364,True,R,False,True,True
0,0.1078516,61.4993540272117,9.271999,True,R,False,True,True
0,0.1060768,61.6054308265448,9.427132,True,R,False,True,True
0,0.1076052,61.7130360230803,9.293231,True,R,False,True,True
0,0.1060595,61.8190955221653,9.42867,True,R,False,True,True
0,0.107935,61.927030518651,9.264835,True,R,False,True,True
0,0.1059181,62.0329486206174,9.441257,True,R,False,True,True
0,0.1084175,62.1413661241531,9.223603,True,R,False,True,True
0,0.1059375,62.2473036274314,9.439528,True,R,False,True,True
0,0.1075925,62.3548961281776,9.294328,True,R,False,True,True
0,0.1059932,62.4608893245459,9.434567,True,R,False,True,True
0,0.1079303,62.5688196271658,9.265239,True,R,False,True,True
0,0.109178,62.6779976263642,9.159354,True,R,False,True,True
0,0.1095303,62.7875279262662,9.129893,True,R,False,True,True
0,0.1063237,62.8938516229391,9.405241,True,R,False,True,True
0,0.1102313,63.0040829256177,9.071834,True,R,False,True,True
0,0.1063555,63.1104384288192,9.402429,True,R,False,True,True
0,0.1096267,63.2200651317835,9.121865,True,R,False,True,True
0,0.1066554,63.3267205283046,9.375991,True,R,False,True,True
0,0.1075413,63.434261828661,9.298753,True,R,False,True,True
0,0.1075221,63.5417839288712,9.300413,True,R,False,True,True
0,0.1077608,63.6495447307825,9.279812,True,R,False,True,True
0,0.105725,63.755269728601,9.458501,True,R,False,True,True
0,0.1075692,63.8628389313817,9.296341,True,R,False,True,True
0,0.1063083,63.9691472277045,9.406604,False,R,False,True,True
0,0.1118501,64.08099732548,8.940537,False,R,False,True,False
0,0.1062448,64.187242127955,9.412225,False,R,False,True,False
0,0.1078868,64.2951289266348,9.268974,False,R,False,True,False
0,0.1058314,64.4009603261948,9.448992,False,R,False,True,False
0,0.1084366,64.5093969255686,9.221978,False,R,False,True,False
0,0.1060209,64.6154178231955,9.432103,False,R,False,True,False
0,0.1067495,64.7221673205495,9.367725,False,R,False,True,False
0,0.1057293,64.827896617353,9.458117,False,R,False,True,False
0,0.1058057,64.9337023198605,9.451286,False,R,False,True,False
0,0.1057478,65.0394501164556,9.456462,False,R,False,True,False
0,0.1055055,65.1449556201696,9.478179,False,R,False,True,False
0,0.1064766,65.2514322176576,9.391735,False,R,False,True,False
0,0.1055719,65.3570041209459,9.472218,False,R,False,True,False
0,0.1054695,65.4624736234546,9.481414,False,R,False,True,False
0,0.1060592,65.5685328245163,9.428697,False,R,False,True,False
0,0.1072484,65.6757812276483,9.324148,False,R,False,True,False
0,0.1078864,65.7836676239967,9.26901,False,R,False,True,False
0,0.106918,65.8905856236815,9.352962,False,R,False,True,False
0,0.1062264,65.9968120232224,9.413856,False,R,False,True,False
0,0.1113458,66.1081578209996,8.98103,False,R,False,True,False
0,0.106859,66.2150168195367,9.358127,False,R,False,True,False
0,0.1069964,66.3220132216811,9.346108,False,R,False,True,False
0,0.1080001,66.4300133213401,9.259251,False,R,False,True,False
0,0.1070997,66.5371130183339,9.337094,False,R,False,True,False
0,0.107876,66.6449890211225,9.269902,False,R,False,True,False
0,0.1063672,66.7513562217355,9.401394,False,R,False,True,False
0,0.1082939,66.8596501201391,9.234131,False,R,False,True,False
0,0.1083722,66.9680223166943,9.227459,False,R,False,True,False
0,0.1073726,67.0753949135542,9.313363,False,R,False,True,False
0,0.1065564,67.1819513142109,9.384702,False,R,False,True,False
0,0.1078333,67.289784617722,9.273573,False,R,False,True,False
0,0.1060317,67.3958163186908,9.431142,False,R,False,True,False
0,0.1060049,67.5018212199211,9.433526,False,R,False,True,False
0,0.1062708,67.6080920174718,9.409923,False,R,False,True,False
0,0.1053441,67.7134361192584,9.492701,False,R,False,True,False
0,0.1054577,67.8188938200474,9.482475,False,R,False,True,False
0,0.1060262,67.9249200224876,9.431631,False,R,False,True,False
0,0.1053979,68.0303179249167,9.487855,False,R,False,True,False
0,0.1061686,68.1364865228534,9.418981,False,R,False,True,False
0,0.1056476,68.2421341240406,9.46543,False,R,False,True,False
0,0.1060309,68.3481650203466,9.431213,False,R,False,True,False
0,0.1056497,68.4538147225976,9.465242,False,R,False,True,False
0,0.106657,68.5604717209935,9.37585,False,R,False,True,False
0,0.1059024,68.6663741245866,9.442657,False,R,False,True,False
0,0.2101097,68.8764838203788,4.759418,False,R,False,True,False
