F,DT,T,HMDPositionX,HMDPositionY,HMDPositionZ,HMDRotationX,HMDRotationY,HMDRotationZ,HMDRotationW
0,0.0166652,0.0166651997715235,0.3718766,-0.04901519,-0.05690357,0,0.1178327,0,0.9930335
0,0.0166676,0.0333328004926443,0.3718766,-0.04901519,-0.05690357,0,0.1178327,0,0.9930335
0,0.0166669,0.049999700859189,0.3718766,-0.04901519,-0.05690357,0,0.1178327,0,0.9930335
0,0.0166673,0.0666670016944408,0.3718766,-0.04901519,-0.05690357,0,0.1178327,0,0.9930335
0,0.0166669,0.0833339020609856,0.3718766,-0.04901519,-0.05690357,0,0.1178327,0,0.9930335
0,0.016667,0.100000901147723,0.3718766,-0.04901519,-0.05690357,0,0.1178327,0,0.9930335
0,0.0166789,0.116679800674319,0.3718766,-0.04901519,-0.05690357,0,0.1178327,0,0.9930335
0,0.0166671,0.133346900343895,0.3718766,-0.04901519,-0.05690357,0,0.1178327,0,0.9930335
0,0.0166667,0.150013599544764,0.3718766,-0.04901519,-0.05690357,0,0.1178327,0,0.9930335
0,0.0166673,0.166680900380015,0.3718766,-0.04901519,-0.05690357,0,0.1178327,0,0.9930335
0,0.0166669,0.18334780074656,0.3718766,-0.04901519,-0.05690357,0,0.1178327,0,0.9930335
0,0.0166668,0.200014600530267,0.3718766,-0.04901519,-0.05690357,0,0.1178327,0,0.9930335
0,0.0166687,0.216683300212026,0.3718766,-0.04901519,-0.05690357,0,0.1178327,0,0.9930335
0,0.016667,0.233350299298763,0.3718766,-0.04901519,-0.05690357,0,0.1178327,0,0.9930335
0,0.0166669,0.250017199665308,0.3718766,-0.04901519,-0.05690357,0,0.1178327,0,0.9930335
0,0.0166667,0.266683898866177,0.3718766,-0.04901519,-0.05690357,0,0.1178327,0,0.9930335
0,0.0166668,0.283350698649883,0.3718766,-0.04901519,-0.05690357,0,0.1178327,0,0.9930335
0,0.0166667,0.300017397850752,0.3718766,-0.04901519,-0.05690357,0,0.1178327,0,0.9930335
0,0.016668,0.316685397177935,0.3718766,-0.04901519,-0.05690357,0,0.1178327,0,0.9930335
0,0.0166663,0.333351697772741,0.3718766,-0.04901519,-0.05690357,0,0.1178327,0,0.9930335
0,0.0166667,0.35001839697361,0.3718766,-0.04901519,-0.05690357,0,0.1178327,0,0.9930335
0,0.016667,0.366685396060348,0.3718766,-0.04901519,-0.05690357,0,0.1178327,0,0.9930335
0,0.0166671,0.383352495729923,0.3718766,-0.04901519,-0.05690357,0,0.1178327,0,0.9930335
0,0.0166666,0.400019096210599,0.3718766,-0.04901519,-0.05690357,0,0.1178327,0,0.9930335
0,0.0166673,0.416686397045851,0.3718766,-0.04901519,-0.05690357,0,0.1178327,0,0.9930335
0,0.0166668,0.433353196829557,0.3718766,-0.04901519,-0.05690357,0,0.1178327,0,0.9930335
0,0.016667,0.450020195916295,0.3718766,-0.04901519,-0.05690357,0,0.1178327,0,0.9930335
0,0.0166664,0.466686595231295,0.3718766,-0.04901519,-0.05690357,0,0.1178327,0,0.9930335
0,0.0166671,0.48335369490087,0.3718766,-0.04901519,-0.05690357,0,0.1178327,0,0.9930335
0,0.0166667,0.500020394101739,0.3718766,-0.04901519,-0.05690357,0,0.1178327,0,0.9930335
0,0.0166672,0.516687594354153,0.3718766,-0.04901519,-0.05690357,0,0.1178327,0,0.9930335
0,0.0166673,0.533354895189404,0.3718766,-0.04901519,-0.05690357,0,0.1178327,0,0.9930335
0,0.0166667,0.550021594390273,0.3718766,-0.04901519,-0.05690357,0,0.1178327,0,0.9930335
0,0.0166668,0.56668839417398,0.3718766,-0.04901519,-0.05690357,0,0.1178327,0,0.9930335
0,0.0166671,0.583355493843555,0.3718766,-0.04901519,-0.05690357,0,0.1178327,0,0.9930335
0,0.0166664,0.600021893158555,0.3718766,-0.04901519,-0.05690357,0,0.1178327,0,0.9930335
0,0.016667,0.616688892245293,0.3718766,-0.04901519,-0.05690357,0,0.1178327,0,0.9930335
0,0.0166672,0.633356092497706,0.3718766,-0.04901519,-0.05690357,0,0.1178327,0,0.9930335
0,0.0166668,0.650022892281413,0.3718766,-0.04901519,-0.05690357,0,0.1178327,0,0.9930335
0,0.0166669,0.666689792647958,0.3718766,-0.04901519,-0.05690357,0,0.1178327,0,0.9930335
0,0.0166667,0.683356491848826,0.3718766,-0.04901519,-0.05690357,0,0.1178327,0,0.9930335
0,0.0166671,0.700023591518402,0.3718766,-0.04901519,-0.05690357,0,0.1178327,0,0.9930335
0,0.0166674,0.716690991073847,0.3718766,-0.04901519,-0.05690357,0,0.1178327,0,0.9930335
0,0.01667,0.73336099088192,0.3718766,-0.04901519,-0.05690357,0,0.1178327,0,0.9930335
0,0.0166642,0.750025190412998,0.3718766,-0.04901519,-0.05690357,0,0.1178327,0,0.9930335
0,0.0166669,0.766692090779543,0.3718766,-0.04901519,-0.05690357,0,0.1178327,0,0.9930335
0,0.0166662,0.783358290791512,0.3718766,-0.04901519,-0.05690357,0,0.1178327,0,0.9930335
0,0.016667,0.800025289878249,0.3718766,-0.04901519,-0.05690357,0,0.1178327,0,0.9930335
0,0.0166668,0.816692089661956,0.3718766,-0.04901519,-0.05690357,0,0.1178327,0,0.9930335
0,0.0166669,0.833358990028501,0.3718766,-0.04901519,-0.05690357,0,0.1178327,0,0.9930335
0,0.0166669,0.850025890395045,0.3718766,-0.04901519,-0.05690357,0,0.1178327,0,0.9930335
0,0.0166671,0.866692990064621,0.3718766,-0.04901519,-0.05690357,0,0.1178327,0,0.9930335
0,0.0166668,0.883359789848328,0.3718766,-0.04901519,-0.05690357,0,0.1178327,0,0.9930335
0,0.016667,0.900026788935065,0.3718766,-0.04901519,-0.05690357,0,0.1178327,0,0.9930335
0,0.0166675,0.916694289073348,0.3718766,-0.04901519,-0.05690357,0,0.1178327,0,0.9930335
0,0.0166664,0.933360688388348,0.3718766,-0.04901519,-0.05690357,0,0.1178327,0,0.9930335
0,0.0166665,0.950027188286185,0.3718766,-0.04901519,-0.05690357,0,0.1178327,0,0.9930335
0,0.0166669,0.96669408865273,0.3718766,-0.04901519,-0.05690357,0,0.1178327,0,0.9930335
0,0.0166671,0.983361188322306,0.3718766,-0.04901519,-0.05690357,0,0.1178327,0,0.9930335
0,0.0166668,1.00002798810601,0.3718766,-0.04901519,-0.05690357,0,0.1178327,0,0.9930335
0,0.016667,1.01669498719275,0.3718766,-0.04901519,-0.05690357,0,0.1178327,0,0.9930335
0,0.0166671,1.03336208686233,0.3718766,-0.04901519,-0.05690357,0,0.1178327,0,0.9930335
0,0.0166671,1.0500291865319,0.3718766,-0.04901519,-0.05690357,0,0.1178327,0,0.9930335
0,0.0166668,1.06669598631561,0.3718766,-0.04901519,-0.05690357,0,0.1178327,0,0.9930335
0,0.0166669,1.08336288668215,0.3718766,-0.04901519,-0.05690357,0,0.1178327,0,0.9930335
0,0.0166667,1.10002958588302,0.3718766,-0.04901519,-0.05690357,0,0.1178327,0,0.9930335
0,0.0166667,1.11669628508389,0.3718766,-0.04901519,-0.05690357,0,0.1178327,0,0.9930335
0,0.0166669,1.13336318545043,0.3718766,-0.04901519,-0.05690357,0,0.1178327,0,0.9930335
0,0.0166669,1.15003008581698,0.3718766,-0.04901519,-0.05690357,0,0.1178327,0,0.9930335
0,0.016667,1.16669708490372,0.3718766,-0.04901519,-0.05690357,0,0.1178327,0,0.9930335
0,0.0166671,1.18336418457329,0.3718766,-0.04901519,-0.05690357,0,0.1178327,0,0.9930335
0,0.0166672,1.20003138482571,0.3718766,-0.04901519,-0.05690357,0,0.1178327,0,0.9930335
0,0.0166669,1.21669828519225,0.3718766,-0.04901519,-0.05690357,0,0.1178327,0,0.9930335
0,0.0166669,1.2333651855588,0.3718766,-0.04901519,-0.05690357,0,0.1178327,0,0.9930335
0,0.0166673,1.25003248639405,0.3718766,-0.04901519,-0.05690357,0,0.1178327,0,0.9930335
0,0.0166668,1.26669928617775,0.3718766,-0.04901519,-0.05690357,0,0.1178327,0,0.9930335
0,0.016667,1.28336628526449,0.3718766,-0.04901519,-0.05690357,0,0.1178327,0,0.9930335
0,0.0166662,1.30003248527646,0.3718766,-0.04901519,-0.05690357,0,0.1178327,0,0.9930335
0,0.016668,1.31670048460364,0.3718766,-0.04901519,-0.05690357,0,0.1178327,0,0.9930335
0,0.016666,1.33336648531258,0.3718766,-0.04901519,-0.05690357,0,0.1178327,0,0.9930335
0,0.0166667,1.35003318451345,0.3718766,-0.04901519,-0.05690357,0,0.1178327,0,0.9930335
0,0.0166673,1.3667004853487,0.3718766,-0.04901519,-0.05690357,0,0.1178327,0,0.9930335
0,0.0166671,1.38336758501828,0.3718766,-0.04901519,-0.05690357,0,0.1178327,0,0.9930335
0,0.0166674,1.40003498457372,0.3718766,-0.04901519,-0.05690357,0,0.1178327,0,0.9930335
0,0.0166663,1.41670128516853,0.3718766,-0.04901519,-0.05690357,0,0.1178327,0,0.9930335
0,0.0166664,1.43336768448353,0.3718766,-0.04901519,-0.05690357,0,0.1178327,0,0.9930335
0,0.0166668,1.45003448426723,0.3718766,-0.04901519,-0.05690357,0,0.1178327,0,0.9930335
0,0.0166669,1.46670138463378,0.3718766,-0.04901519,-0.05690357,0,0.1178327,0,0.9930335
0,0.0166669,1.48336828500032,0.3718766,-0.04901519,-0.05690357,0,0.1178327,0,0.9930335
0,0.0166669,1.50003518536687,0.3718766,-0.04901519,-0.05690357,0,0.1178327,0,0.9930335
0,0.0166677,1.51670288480818,0.3718766,-0.04901519,-0.05690357,0,0.1178327,0,0.9930335
0,0.0166665,1.53336938470602,0.3718766,-0.04901519,-0.05690357,0,0.1178327,0,0.9930335
0,0.0166665,1.55003588460386,0.3718766,-0.04901519,-0.05690357,0,0.1178327,0,0.9930335
0,0.0166673,1.56670318543911,0.3718766,-0.04901519,-0.05690357,0,0.1178327,0,0.9930335
0,0.0166671,1.58337028510869,0.3718766,-0.04901519,-0.05690357,0,0.1178327,0,0.9930335
0,0.0166673,1.60003758594394,0.3718766,-0.04901519,-0.05690357,0,0.1178327,0,0.9930335
0,0.0166661,1.61670368537307,0.3718766,-0.04901519,-0.05690357,0,0.1178327,0,0.9930335
0,0.0166673,1.63337098620832,0.3718766,-0.04901519,-0.05690357,0,0.1178327,0,0.9930335
0,0.0166666,1.650037586689,0.3718766,-0.04901519,-0.05690357,0,0.1178327,0,0.9930335
0,0.0166668,1.6667043864727,0.3718766,-0.04901519,-0.05690357,0,0.1178327,0,0.9930335
0,0.0166672,1.68337158672512,0.3718766,-0.04901519,-0.05690357,0,0.1178327,0,0.9930335
0,0.0166669,1.70003848709166,0.3718766,-0.04901519,-0.05690357,0,0.1178327,0,0.9930335
0,0.0166667,1.71670518629253,0.3718766,-0.04901519,-0.05690357,0,0.1178327,0,0.9930335
0,0.0166674,1.73337258584797,0.3718766,-0.04901519,-0.05690357,0,0.1178327,0,0.9930335
0,0.0166666,1.75003918632865,0.3718766,-0.04901519,-0.05690357,0,0.1178327,0,0.9930335
0,0.0166666,1.76670578680933,0.3718766,-0.04901519,-0.05690357,0,0.1178327,0,0.9930335
0,0.0166669,1.78337268717587,0.3718766,-0.04901519,-0.05690357,0,0.1178327,0,0.9930335
0,0.0166668,1.80003948695958,0.3718766,-0.04901519,-0.05690357,0,0.1178327,0,0.9930335
0,0.0166672,1.81670668721199,0.3718766,-0.04901519,-0.05690357,0,0.1178327,0,0.9930335
0,0.0166667,1.83337338641286,0.3718766,-0.04901519,-0.05690357,0,0.1178327,0,0.9930335
0,0.016667,1.8500403854996,0.3718766,-0.04901519,-0.05690357,0,0.1178327,0,0.9930335
0,0.016667,1.86670738458633,0.3718766,-0.04901519,-0.05690357,0,0.1178327,0,0.9930335
0,0.0166669,1.88337428495288,0.3718766,-0.04901519,-0.05690357,0,0.1178327,0,0.9930335
0,0.0166668,1.90004108473659,0.3718766,-0.04901519,-0.05690357,0,0.1178327,0,0.9930335
0,0.0166673,1.91670838557184,0.3718766,-0.04901519,-0.05690357,0,0.1178327,0,0.9930335
0,0.0166663,1.93337468616664,0.3718766,-0.04901519,-0.05690357,0,0.1178327,0,0.9930335
0,0.016667,1.95004168525338,0.3718766,-0.04901519,-0.05690357,0,0.1178327,0,0.9930335
0,0.016739,1.96678068488836,0.3718766,-0.04901519,-0.05690357,0,0.1178327,0,0.9930335
0,0.0166668,1.98344748467207,0.3718766,-0.04901519,-0.05690357,0,0.1178327,0,0.9930335
0,0.0166669,2.00011438503861,0.3718766,-0.04901519,-0.05690357,0,0.1178327,0,0.9930335
0,0.0166671,2.01678148470819,0.3718766,-0.04901519,-0.05690357,0,0.1178327,0,0.9930335
0,0.016667,2.03344848379493,0.3718766,-0.04901519,-0.05690357,0,0.1178327,0,0.9930335
0,0.016667,2.05011548288167,0.3718766,-0.04901519,-0.05690357,0,0.1178327,0,0.9930335
0,0.016667,2.0667824819684,0.3718766,-0.04901519,-0.05690357,0,0.1178327,0,0.9930335
0,0.0166666,2.08344908244908,0.3718766,-0.04901519,-0.05690357,0,0.1178327,0,0.9930335
0,0.0166672,2.10011628270149,0.3718766,-0.04901519,-0.05690357,0,0.1178327,0,0.9930335
0,0.0166668,2.1167830824852,0.3718766,-0.04901519,-0.05690357,0,0.1178327,0,0.9930335
0,0.0166668,2.13344988226891,0.3718766,-0.04901519,-0.05690357,0,0.1178327,0,0.9930335
0,0.0166666,2.15011648274958,0.3718766,-0.04901519,-0.05690357,0,0.1178327,0,0.9930335
0,0.016667,2.16678348183632,0.3718766,-0.04901519,-0.05690357,0,0.1178327,0,0.9930335
0,0.016667,2.18345048092306,0.3718766,-0.04901519,-0.05690357,0,0.1178327,0,0.9930335
0,0.0166668,2.20011728070676,0.3718766,-0.04901519,-0.05690357,0,0.1178327,0,0.9930335
0,0.0166706,2.21678788028657,0.3718766,-0.04901519,-0.05690357,0,0.1178327,0,0.9930335
0,0.0166667,2.23345457948744,0.3718766,-0.04901519,-0.05690357,0,0.1178327,0,0.9930335
0,0.0166669,2.25012147985399,0.3718766,-0.04901519,-0.05690357,0,0.1178327,0,0.9930335
0,0.0166676,2.26678908057511,0.3718766,-0.04901519,-0.05690357,0,0.1178327,0,0.9930335
0,0.0166664,2.28345547989011,0.3718766,-0.04901519,-0.05690357,0,0.1178327,0,0.9930335
0,0.0166671,2.30012257955968,0.3718766,-0.04901519,-0.05690357,0,0.1178327,0,0.9930335
0,0.0166667,2.31678927876055,0.3718766,-0.04901519,-0.05690357,0,0.1178327,0,0.9930335
0,0.0166672,2.33345647901297,0.3718766,-0.04901519,-0.05690357,0,0.1178327,0,0.9930335
0,0.0166668,2.35012327879667,0.3718766,-0.04901519,-0.05690357,0,0.1178327,0,0.9930335
0,0.0166667,2.36678997799754,0.3718766,-0.04901519,-0.05690357,0,0.1178327,0,0.9930335
0,0.0166667,2.38345667719841,0.3718766,-0.04901519,-0.05690357,0,0.1178327,0,0.9930335
0,0.0166669,2.40012357756495,0.3718766,-0.04901519,-0.05690357,0,0.1178327,0,0.9930335
0,0.0166669,2.4167904779315,0.3718766,-0.04901519,-0.05690357,0,0.1178327,0,0.9930335
0,0.0166682,2.43345867842436,0.3718766,-0.04901519,-0.05690357,0,0.1178327,0,0.9930335
0,0.0166663,2.45012497901917,0.3718766,-0.04901519,-0.05690357,0,0.1178327,0,0.9930335
0,0.0166667,2.46679167822003,0.3718766,-0.04901519,-0.05690357,0,0.1178327,0,0.9930335
0,0.0166668,2.48345847800374,0.3718766,-0.04901519,-0.05690357,0,0.1178327,0,0.9930335
0,0.0166672,2.50012567825615,0.3718766,-0.04901519,-0.05690357,0,0.1178327,0,0.9930335
0,0.016667,2.51679267734289,0.3718766,-0.04901519,-0.05690357,0,0.1178327,0,0.9930335
0,0.0166664,2.53345907665789,0.3718766,-0.04901519,-0.05690357,0,0.1178327,0,0.9930335
0,0.016667,2.55012607574463,0.3718766,-0.04901519,-0.05690357,0,0.1178327,0,0.9930335
0,0.0166672,2.56679327599704,0.3718766,-0.04901519,-0.05690357,0,0.1178327,0,0.9930335
0,0.0166666,2.58345987647772,0.3718766,-0.04901519,-0.05690357,0,0.1178327,0,0.9930335
0,0.0166669,2.60012677684426,0.3718766,-0.04901519,-0.05690357,0,0.1178327,0,0.9930335
0,0.0166672,2.61679397709668,0.3718766,-0.04901519,-0.05690357,0,0.1178327,0,0.9930335
0,0.016667,2.63346097618341,0.3718766,-0.04901519,-0.05690357,0,0.1178327,0,0.9930335
0,0.0166666,2.65012757666409,0.3718766,-0.04901519,-0.05690357,0,0.1178327,0,0.9930335
0,0.0166678,2.66679537668824,0.3718766,-0.04901519,-0.05690357,0,0.1178327,0,0.9930335
0,0.0166665,2.68346187658608,0.3718766,-0.04901519,-0.05690357,0,0.1178327,0,0.9930335
0,0.0166677,2.70012957602739,0.3718766,-0.04901519,-0.05690357,0,0.1178327,0,0.9930335
0,0.0166658,2.71679537557065,0.3718766,-0.04901519,-0.05690357,0,0.1178327,0,0.9930335
0,0.0166667,2.73346207477152,0.3718766,-0.04901519,-0.05690357,0,0.1178327,0,0.9930335
0,0.0166669,2.75012897513807,0.3718766,-0.04901519,-0.05690357,0,0.1178327,0,0.9930335
0,0.0166678,2.76679677516222,0.3718766,-0.04901519,-0.05690357,0,0.1178327,0,0.9930335
0,0.0166663,2.78346307575703,0.3718766,-0.04901519,-0.05690357,0,0.1178327,0,0.9930335
0,0.0166667,2.8001297749579,0.3718766,-0.04901519,-0.05690357,0,0.1178327,0,0.9930335
0,0.0166669,2.81679667532444,0.3718766,-0.04901519,-0.05690357,0,0.1178327,0,0.9930335
0,0.0166669,2.83346357569098,0.3718766,-0.04901519,-0.05690357,0,0.1178327,0,0.9930335
0,0.0166664,2.85012997500598,0.3718766,-0.04901519,-0.05690357,0,0.1178327,0,0.9930335
0,0.0166671,2.86679707467556,0.3718766,-0.04901519,-0.05690357,0,0.1178327,0,0.9930335
0,0.0166672,2.88346427492797,0.3718766,-0.04901519,-0.05690357,0,0.1178327,0,0.9930335
0,0.0166665,2.90013077482581,0.3718766,-0.04901519,-0.05690357,0,0.1178327,0,0.9930335
0,0.0166669,2.91679767519236,0.3718766,-0.04901519,-0.05690357,0,0.1178327,0,0.9930335
0,0.0166675,2.93346517533064,0.3718766,-0.04901519,-0.05690357,0,0.1178327,0,0.9930335
0,0.0166666,2.95013177581131,0.3718766,-0.04901519,-0.05690357,0,0.1178327,0,0.9930335
0,0.0166687,2.96680047549307,0.3718766,-0.04901519,-0.05690357,0,0.1178327,0,0.9930335
0,0.0166652,2.9834656752646,0.3718766,-0.04901519,-0.05690357,0,0.1178327,0,0.9930335
0,0.0166674,3.00013307482004,0.3718766,-0.04901519,-0.05690357,0,0.1178327,0,0.9930335
0,0.0166666,3.01679967530072,0.3718766,-0.04901519,-0.05690357,0,0.1178327,0,0.9930335
0,0.016667,3.03346667438746,0.3718766,-0.04901519,-0.05690357,0,0.1178327,0,0.9930335
0,0.0166661,3.05013277381659,0.3718766,-0.04901519,-0.05690357,0,0.1178327,0,0.9930335
0,0.0166671,3.06679987348616,0.3718766,-0.04901519,-0.05690357,0,0.1178327,0,0.9930335
0,0.0166668,3.08346667326987,0.3718766,-0.04901519,-0.05690357,0,0.1178327,0,0.9930335
0,0.0166672,3.10013387352228,0.3718766,-0.04901519,-0.05690357,0,0.1178327,0,0.9930335
0,0.0166669,3.11680077388883,0.3718766,-0.04901519,-0.05690357,0,0.1178327,0,0.9930335
0,0.0166666,3.1334673743695,0.3718766,-0.04901519,-0.05690357,0,0.1178327,0,0.9930335
0,0.0166671,3.15013447403908,0.3718766,-0.04901519,-0.05690357,0,0.1178327,0,0.9930335
0,0.0166672,3.16680167429149,0.3718766,-0.04901519,-0.05690357,0,0.1178327,0,0.9930335
0,0.0166666,3.18346827477217,0.3718766,-0.04901519,-0.05690357,0,0.1178327,0,0.9930335
0,0.0175388,3.20100707560778,0.3718766,-0.04901519,-0.05690357,0,0.1178327,0,0.9930335
0,0.0166673,3.21767437644303,0.3718766,-0.04901519,-0.05690357,0,0.1178327,0,0.9930335
0,0.0166673,3.23434167727828,0.3718766,-0.04901519,-0.05690357,0,0.1178327,0,0.9930335
0,0.0166666,3.25100827775896,0.3718766,-0.04901519,-0.05690357,0,0.1178327,0,0.9930335
0,0.0166665,3.26767477765679,0.3718766,-0.04901519,-0.05690357,0,0.1178327,0,0.9930335
0,0.0166675,3.28434227779508,0.3718766,-0.04901519,-0.05690357,0,0.1178327,0,0.9930335
0,0.0166666,3.30100887827575,0.3718766,-0.04901519,-0.05690357,0,0.1178327,0,0.9930335
0,0.0166668,3.31767567805946,0.3718766,-0.04901519,-0.05690357,0,0.1178327,0,0.9930335
0,0.0166666,3.33434227854013,0.3718766,-0.04901519,-0.05690357,0,0.1178327,0,0.9930335
0,0.0166668,3.35100907832384,0.3718766,-0.04901519,-0.05690357,0,0.1178327,0,0.9930335
0,0.0166669,3.36767597869039,0.3718766,-0.04901519,-0.05690357,0,0.1178327,0,0.9930335
0,0.0166668,3.38434277847409,0.3718766,-0.04901519,-0.05690357,0,0.1178327,0,0.9930335
0,0.0166672,3.40100997872651,0.3718766,-0.04901519,-0.05690357,0,0.1178327,0,0.9930335
0,0.0166674,3.41767737828195,0.3718766,-0.04901519,-0.05690357,0,0.1178327,0,0.9930335
0,0.0166667,3.43434407748282,0.3718766,-0.04901519,-0.05690357,0,0.1178327,0,0.9930335
0,0.0166672,3.45101127773523,0.3718766,-0.04901519,-0.05690357,0,0.1178327,0,0.9930335
0,0.0166667,3.4676779769361,0.3718766,-0.04901519,-0.05690357,0,0.1178327,0,0.9930335
0,0.0166666,3.48434457741678,0.3718766,-0.04901519,-0.05690357,0,0.1178327,0,0.9930335
0,0.0166668,3.50101137720048,0.3718766,-0.04901519,-0.05690357,0,0.1178327,0,0.9930335
0,0.0166669,3.51767827756703,0.3718766,-0.04901519,-0.05690357,0,0.1178327,0,0.9930335
0,0.0166671,3.5343453772366,0.3718766,-0.04901519,-0.05690357,0,0.1178327,0,0.9930335
0,0.016667,3.55101237632334,0.3718766,-0.04901519,-0.05690357,0,0.1178327,0,0.9930335
0,0.0166669,3.56767927668989,0.3718766,-0.04901519,-0.05690357,0,0.1178327,0,0.9930335
0,0.0166669,3.58434617705643,0.3718766,-0.04901519,-0.05690357,0,0.1178327,0,0.9930335
0,0.0166668,3.60101297684014,0.3718766,-0.04901519,-0.05690357,0,0.1178327,0,0.9930335
0,0.0166671,3.61768007650971,0.3718766,-0.04901519,-0.05690357,0,0.1178327,0,0.9930335
0,0.0166675,3.634347576648,0.3718766,-0.04901519,-0.05690357,0,0.1178327,0,0.9930335
0,0.0166658,3.65101337619126,0.3718766,-0.04901519,-0.05690357,0,0.1178327,0,0.9930335
0,0.0166669,3.6676802765578,0.3718766,-0.04901519,-0.05690357,0,0.1178327,0,0.9930335
0,0.0166668,3.68434707634151,0.3718766,-0.04901519,-0.05690357,0,0.1178327,0,0.9930335
0,0.0166668,3.70101387612522,0.3718766,-0.04901519,-0.05690357,0,0.1178327,0,0.9930335
0,0.0166673,3.71768117696047,0.3718766,-0.04901519,-0.05690357,0,0.1178327,0,0.9930335
0,0.0166668,3.73434797674418,0.3718766,-0.04901519,-0.05690357,0,0.1178327,0,0.9930335
0,0.0166671,3.75101507641375,0.3718766,-0.04901519,-0.05690357,0,0.1178327,0,0.9930335
0,0.0166668,3.76768187619746,0.3718766,-0.04901519,-0.05690357,0,0.1178327,0,0.9930335
0,0.0166667,3.78434857539833,0.3718766,-0.04901519,-0.05690357,0,0.1178327,0,0.9930335
0,0.016667,3.80101557448506,0.3718766,-0.04901519,-0.05690357,0,0.1178327,0,0.9930335
0,0.0166668,3.81768237426877,0.3718766,-0.04901519,-0.05690357,0,0.1178327,0,0.9930335
0,0.0166678,3.83435017429292,0.3718766,-0.04901519,-0.05690357,0,0.1178327,0,0.9930335
0,0.0166661,3.85101627372205,0.3718766,-0.04901519,-0.05690357,0,0.1178327,0,0.9930335
0,0.0166669,3.8676831740886,0.3718766,-0.04901519,-0.05690357,0,0.1178327,0,0.9930335
0,0.0166672,3.88435037434101,0.3718766,-0.04901519,-0.05690357,0,0.1178327,0,0.9930335
0,0.016667,3.90101737342775,0.3718766,-0.04901519,-0.05690357,0,0.1178327,0,0.9930335
0,0.0166665,3.91768387332559,0.3718766,-0.04901519,-0.05690357,0,0.1178327,0,0.9930335
0,0.0166675,3.93435137346387,0.3718766,-0.04901519,-0.05690357,0,0.1178327,0,0.9930335
0,0.016667,3.95101837255061,0.3718766,-0.04901519,-0.05690357,0,0.1178327,0,0.9930335
0,0.0166666,3.96768497303128,0.3718766,-0.04901519,-0.05690357,0,0.1178327,0,0.9930335
0,0.0166666,3.98435157351196,0.3718766,-0.04901519,-0.05690357,0,0.1178327,0,0.9930335
0,0.016667,4.0010185725987,0.3718766,-0.04901519,-0.05690357,0,0.1178327,0,0.9930335
0,0.0166668,4.0176853723824,0.3718766,-0.04901519,-0.05690357,0,0.1178327,0,0.9930335
0,0.0166669,4.03435227274895,0.3718766,-0.04901519,-0.05690357,0,0.1178327,0,0.9930335
0,0.0166672,4.05101947300136,0.3718766,-0.04901519,-0.05690357,0,0.1178327,0,0.9930335
0,0.0166675,4.06768697313964,0.3718766,-0.04901519,-0.05690357,0,0.1178327,0,0.9930335
0,0.0166663,4.08435327373445,0.3718766,-0.04901519,-0.05690357,0,0.1178327,0,0.9930335
0,0.0166688,4.10102207399905,0.3718766,-0.04901519,-0.05690357,0,0.1178327,0,0.9930335
0,0.0166657,4.11768777482212,0.3718766,-0.04901519,-0.05690357,0,0.1178327,0,0.9930335
0,0.0166664,4.13435417413712,0.3718766,-0.04901519,-0.05690357,0,0.1178327,0,0.9930335
0,0.0166667,4.15102087333798,0.3718766,-0.04901519,-0.05690357,0,0.1178327,0,0.9930335
0,0.0166672,4.1676880735904,0.3718766,-0.04901519,-0.05690357,0,0.1178327,0,0.9930335
0,0.0166667,4.18435477279127,0.3718766,-0.04901519,-0.05690357,0,0.1178327,0,0.9930335
0,0.0166675,4.20102227292955,0.3718766,-0.04901519,-0.05690357,0,0.1178327,0,0.9930335
0,0.0166665,4.21768877282739,0.3718766,-0.04901519,-0.05690357,0,0.1178327,0,0.9930335
0,0.0166679,4.23435667343438,0.3718766,-0.04901519,-0.05690357,0,0.1178327,0,0.9930335
0,0.0166663,4.25102297402918,0.3718766,-0.04901519,-0.05690357,0,0.1178327,0,0.9930335
0,0.0166671,4.26769007369876,0.3718766,-0.04901519,-0.05690357,0,0.1178327,0,0.9930335
0,0.0166681,4.28435817360878,0.3718766,-0.04901519,-0.05690357,0,0.1178327,0,0.9930335
0,0.0166665,4.30102467350662,0.3718766,-0.04901519,-0.05690357,0,0.1178327,0,0.9930335
0,0.0166666,4.31769127398729,0.3718766,-0.04901519,-0.05690357,0,0.1178327,0,0.9930335
0,0.0166668,4.334358073771,0.3718766,-0.04901519,-0.05690357,0,0.1178327,0,0.9930335
0,0.0166669,4.35102497413754,0.3718766,-0.04901519,-0.05690357,0,0.1178327,0,0.9930335
0,0.0166669,4.36769187450409,0.3718766,-0.04901519,-0.05690357,0,0.1178327,0,0.9930335
0,0.0166675,4.38435937464237,0.3718766,-0.04901519,-0.05690357,0,0.1178327,0,0.9930335
0,0.0166666,4.40102597512305,0.3718766,-0.04901519,-0.05690357,0,0.1178327,0,0.9930335
0,0.0166671,4.41769307479262,0.3718766,-0.04901519,-0.05690357,0,0.1178327,0,0.9930335
0,0.0166668,4.43435987457633,0.3718766,-0.04901519,-0.05690357,0,0.1178327,0,0.9930335
0,0.0166668,4.45102667436004,0.3718766,-0.04901519,-0.05690357,0,0.1178327,0,0.9930335
0,0.0166671,4.46769377402961,0.3718766,-0.04901519,-0.05690357,0,0.1178327,0,0.9930335
0,0.0166664,4.48436017334461,0.3718766,-0.04901519,-0.05690357,0,0.1178327,0,0.9930335
0,0.0166684,4.5010285731405,0.3718766,-0.04901519,-0.05690357,0,0.1178327,0,0.9930335
0,0.0166656,4.51769417338073,0.3718766,-0.04901519,-0.05690357,0,0.1178327,0,0.9930335
0,0.0166669,4.53436107374728,0.3718766,-0.04901519,-0.05690357,0,0.1178327,0,0.9930335
0,0.016667,4.55102807283401,0.3718766,-0.04901519,-0.05690357,0,0.1178327,0,0.9930335
0,0.0166668,4.56769487261772,0.3718766,-0.04901519,-0.05690357,0,0.1178327,0,0.9930335
0,0.0166673,4.58436217345297,0.3718766,-0.04901519,-0.05690357,0,0.1178327,0,0.9930335
0,0.016667,4.60102917253971,0.3718766,-0.04901519,-0.05690357,0,0.1178327,0,0.9930335
0,0.016667,4.61769617162645,0.3718766,-0.04901519,-0.05690357,0,0.1178327,0,0.9930335
0,0.016667,4.63436317071319,0.3718766,-0.04901519,-0.05690357,0,0.1178327,0,0.9930335
0,0.0166664,4.65102957002819,0.3718766,-0.04901519,-0.05690357,0,0.1178327,0,0.9930335
0,0.0166669,4.66769647039473,0.3718766,-0.04901519,-0.05690357,0,0.1178327,0,0.9930335
0,0.0166667,4.6843631695956,0.3718766,-0.04901519,-0.05690357,0,0.1178327,0,0.9930335
0,0.0166674,4.70103056915104,0.3718766,-0.04901519,-0.05690357,0,0.1178327,0,0.9930335
0,0.0166664,4.71769696846604,0.3718766,-0.04901519,-0.05690357,0,0.1178327,0,0.9930335
0,0.0166674,4.73436436802149,0.3718766,-0.04901519,-0.05690357,0,0.1178327,0,0.9930335
0,0.0166668,4.75103116780519,0.3718766,-0.04901519,-0.05690357,0,0.1178327,0,0.9930335
0,0.0166672,4.76769836805761,0.3718766,-0.04901519,-0.05690357,0,0.1178327,0,0.9930335
0,0.0166668,4.78436516784132,0.3718766,-0.04901519,-0.05690357,0,0.1178327,0,0.9930335
0,0.0166668,4.80103196762502,0.3718766,-0.04901519,-0.05690357,0,0.1178327,0,0.9930335
0,0.016667,4.81769896671176,0.3718766,-0.04901519,-0.05690357,0,0.1178327,0,0.9930335
0,0.016667,4.8343659657985,0.3718766,-0.04901519,-0.05690357,0,0.1178327,0,0.9930335
0,0.016667,4.85103296488523,0.3718766,-0.04901519,-0.05690357,0,0.1178327,0,0.9930335
0,0.0166666,4.86769956536591,0.3718766,-0.04901519,-0.05690357,0,0.1178327,0,0.9930335
0,0.0166667,4.88436626456678,0.3718766,-0.04901519,-0.05690357,0,0.1178327,0,0.9930335
0,0.0166669,4.90103316493332,0.3718766,-0.04901519,-0.05690357,0,0.1178327,0,0.9930335
0,0.0166677,4.91770086437464,0.3718766,-0.04901519,-0.05690357,0,0.1178327,0,0.9930335
0,0.0166669,4.93436776474118,0.3718766,-0.04901519,-0.05690357,0,0.1178327,0,0.9930335
0,0.0166667,4.95103446394205,0.3718766,-0.04901519,-0.05690357,0,0.1178327,0,0.9930335
0,0.0166668,4.96770126372576,0.3718766,-0.04901519,-0.05690357,0,0.1178327,0,0.9930335
0,0.0166666,4.98436786420643,0.3718766,-0.04901519,-0.05690357,0,0.1178327,0,0.9930335
0,0.0166669,5.00103476457298,0.3718766,-0.04901519,-0.05690357,0,0.1178327,0,0.9930335
0,0.0166669,5.01770166493952,0.3718766,-0.04901519,-0.05690357,0,0.1178327,0,0.9930335
0,0.0166674,5.03436906449497,0.3718766,-0.04901519,-0.05690357,0,0.1178327,0,0.9930335
0,0.0166663,5.05103536508977,0.3718766,-0.04901519,-0.05690357,0,0.1178327,0,0.9930335
0,0.0166671,5.06770246475935,0.3718766,-0.04901519,-0.05690357,0,0.1178327,0,0.9930335
0,0.0166671,5.08436956442893,0.3718766,-0.04901519,-0.05690357,0,0.1178327,0,0.9930335
0,0.0166674,5.10103696398437,0.3718766,-0.04901519,-0.05690357,0,0.1178327,0,0.9930335
0,0.0166667,5.11770366318524,0.3718766,-0.04901519,-0.05690357,0,0.1178327,0,0.9930335
0,0.0166669,5.13437056355178,0.3718766,-0.04901519,-0.05690357,0,0.1178327,0,0.9930335
0,0.0166666,5.15103716403246,0.3718766,-0.04901519,-0.05690357,0,0.1178327,0,0.9930335
0,0.0166668,5.16770396381617,0.3718766,-0.04901519,-0.05690357,0,0.1178327,0,0.9930335
0,0.0166668,5.18437076359987,0.3718766,-0.04901519,-0.05690357,0,0.1178327,0,0.9930335
0,0.0166669,5.20103766396642,0.3718766,-0.04901519,-0.05690357,0,0.1178327,0,0.9930335
0,0.0166668,5.21770446375012,0.3718766,-0.04901519,-0.05690357,0,0.1178327,0,0.9930335
0,0.0166678,5.2