2409574,0.0576868,0.0576867982745171,0.855,0.883,-0.137,35.480,10.927,3.932
2409582,0.0313095,0.0889962986111641,0.855,0.883,-0.137,35.494,10.904,3.921
2409592,0.0420121,0.131008397787809,0.856,0.883,-0.137,35.606,10.874,3.885
2409600,0.048303,0.179311398416758,0.856,0.883,-0.137,35.611,10.828,3.861
2409610,0.0420913,0.221402697265148,0.856,0.883,-0.136,35.573,10.744,3.791
2409618,0.0409779,0.262380596250296,0.856,0.883,-0.135,35.661,10.675,3.783
2409628,0.0502649,0.312645494937897,0.856,0.883,-0.135,35.790,10.522,3.764
2409636,0.042183,0.354828495532274,0.856,0.882,-0.135,35.772,10.399,3.783
2409646,0.0438708,0.398699294775724,0.856,0.882,-0.134,35.819,10.313,3.798
2409654,0.0446375,0.443336796015501,0.856,0.882,-0.134,35.843,10.238,3.780
2409664,0.0437518,0.487088594585657,0.857,0.882,-0.133,35.808,10.128,3.732
2409674,0.044331,0.531419593840837,0.857,0.882,-0.132,35.932,9.986,3.717
2409682,0.0546422,0.586061794310808,0.857,0.882,-0.131,36.000,9.918,3.770
2409692,0.042427,0.628488793969154,0.857,0.882,-0.130,36.062,9.827,3.786
2409700,0.0493792,0.677867993712425,0.857,0.882,-0.129,36.177,9.681,3.763
2409708,0.0401467,0.718014694750309,0.857,0.881,-0.128,36.232,9.587,3.727
2409718,0.0434663,0.761480994522572,0.857,0.881,-0.127,36.293,9.579,3.713
2409726,0.0467453,0.80822629481554,0.857,0.881,-0.126,36.340,9.649,3.734
2409736,0.0424151,0.850641395896673,0.857,0.881,-0.125,36.423,9.690,3.760
2409744,0.0447132,0.895354595035315,0.857,0.881,-0.124,36.460,9.770,3.844
2409754,0.0431167,0.938471294939518,0.857,0.881,-0.124,36.442,9.857,3.946
2409762,0.045924,0.984395295381546,0.857,0.881,-0.123,36.464,9.852,3.988
2409770,0.0456966,1.03009189665318,0.858,0.881,-0.122,36.384,9.828,4.018
2409780,0.0423135,1.072405397892,0.858,0.881,-0.122,36.262,9.784,4.012
2409790,0.0487895,1.12119489908218,0.858,0.881,-0.122,36.169,9.740,3.958
2409798,0.0395361,1.16073099896312,0.858,0.882,-0.122,36.023,9.705,3.892
2409808,0.0455158,1.20624680072069,0.859,0.882,-0.122,35.918,9.731,3.816
2409816,0.0489319,1.25517870113254,0.859,0.882,-0.122,35.831,9.826,3.840
2409824,0.0445152,1.29969390109181,0.860,0.882,-0.123,35.777,9.947,3.913
2409834,0.0409411,1.34063500165939,0.860,0.882,-0.123,35.781,10.002,3.945
2409842,0.0423979,1.38303290307522,0.860,0.882,-0.123,35.842,9.995,3.966
2409852,0.0450124,1.42804530262947,0.860,0.882,-0.124,35.864,9.930,3.920
2409860,0.0435222,1.47156750410795,0.860,0.882,-0.125,35.860,9.857,3.887
2409870,0.0463496,1.51791710406542,0.860,0.882,-0.125,35.854,9.829,3.889
2409878,0.0457314,1.56364850327373,0.861,0.882,-0.126,35.850,9.823,3.862
2409886,0.0407139,1.60436240211129,0.861,0.882,-0.126,35.835,9.765,3.821
2409894,0.040867,1.64522940292954,0.861,0.882,-0.127,35.901,9.754,3.767
2409904,0.0469256,1.69215500354767,0.862,0.882,-0.127,35.887,9.714,3.752
2409914,0.0460433,1.73819830268621,0.862,0.882,-0.128,35.879,9.640,3.696
2409924,0.045465,1.78366330265999,0.863,0.882,-0.128,35.908,9.586,3.607
2409932,0.0491662,1.83282950147986,0.863,0.882,-0.129,35.846,9.525,3.511
2409940,0.0396107,1.87244020029902,0.863,0.882,-0.129,35.854,9.517,3.442
2409948,0.0454791,1.91791930049658,0.863,0.882,-0.130,35.837,9.510,3.430
2409958,0.0373984,1.95531770214438,0.863,0.882,-0.130,35.825,9.515,3.444
2409968,0.0501526,2.00547030195594,0.863,0.882,-0.130,35.886,9.435,3.408
2409976,0.0461009,2.05157120153308,0.863,0.882,-0.130,35.878,9.407,3.410
2409984,0.0466223,2.09819350019097,0.863,0.882,-0.130,35.876,9.409,3.427
2409992,0.0408388,2.13903230056167,0.862,0.882,-0.130,35.884,9.423,3.475
2409996,0.0440006,2.18303290009499,0.862,0.882,-0.130,35.886,9.434,3.535
2410004,0.0219167,2.20494960062206,0.862,0.882,-0.129,35.895,9.452,3.581
2410008,0.0463775,2.25132709927857,0.862,0.882,-0.129,35.907,9.440,3.619
2410016,0.0068112,2.258138299454,0.861,0.882,-0.129,35.921,9.435,3.650
2410024,0.0626501,2.32078839885071,0.861,0.881,-0.129,35.976,9.397,3.669
2410032,0.0396483,2.36043669702485,0.860,0.881,-0.128,35.979,9.415,3.741
2410040,0.0366044,2.39704109774902,0.860,0.881,-0.128,35.933,9.468,3.842
2410050,0.0203583,2.41739939758554,0.860,0.881,-0.128,35.989,9.502,3.900
2410058,0.0593963,2.47679569805041,0.859,0.881,-0.127,36.017,9.529,3.877
2410068,0.0417031,2.51849879929796,0.859,0.881,-0.127,36.024,9.572,3.866
2410076,0.0435649,2.56206370005384,0.859,0.881,-0.127,36.011,9.677,3.964
2410084,0.0357091,2.59777280176058,0.859,0.881,-0.126,35.983,9.705,3.984
2410092,0.0433525,2.64112530136481,0.859,0.881,-0.126,36.026,9.667,3.950
2410102,0.0383854,2.67951070005074,0.860,0.881,-0.126,36.086,9.687,3.937
2410112,0.0477676,2.7272782982327,0.860,0.881,-0.126,36.064,9.708,3.926
2410120,0.0447209,2.77199919754639,0.860,0.881,-0.126,36.074,9.717,3.889
2410130,0.0456608,2.81765999877825,0.860,0.881,-0.126,36.028,9.697,3.833
2410138,0.0468445,2.86450449982658,0.861,0.881,-0.127,36.023,9.694,3.800
2410148,0.0493451,2.91384959826246,0.861,0.881,-0.127,36.056,9.712,3.804
2410158,0.0480201,2.96186969662085,0.861,0.881,-0.127,36.019,9.659,3.804
2410168,0.0435166,3.00538629526272,0.862,0.881,-0.128,35.954,9.600,3.749
2410178,0.0548508,3.06023709708825,0.862,0.881,-0.128,35.909,9.534,3.664
2410186,0.0495334,3.10977049777284,0.862,0.881,-0.129,35.891,9.517,3.610
2410196,0.0437929,3.15356339747086,0.862,0.881,-0.130,35.822,9.534,3.584
2410204,0.0418532,3.19541659811512,0.862,0.881,-0.130,35.737,9.574,3.583
2410214,0.0457039,3.24112049723044,0.862,0.882,-0.131,35.633,9.598,3.575
2410220,0.0418185,3.28293899679556,0.862,0.882,-0.131,35.576,9.621,3.558
2410228,0.0384585,3.32139749685302,0.862,0.882,-0.131,35.549,9.613,3.534
2410236,0.0386974,3.36009489605203,0.862,0.882,-0.131,35.507,9.630,3.536
2410238,0.0312529,3.39134779432788,0.862,0.882,-0.131,35.532,9.667,3.534
2410246,0.0230306,3.4143783939071,0.862,0.881,-0.131,35.633,9.769,3.544
2410252,0.0356889,3.45006729336455,0.862,0.881,-0.131,35.707,9.881,3.594
2410260,0.026515,3.47658229293302,0.862,0.881,-0.132,35.791,10.057,3.726
2410270,0.0563751,3.5329573941417,0.862,0.881,-0.132,35.866,10.182,3.854
2410276,0.0429014,3.5758587946184,0.862,0.881,-0.132,35.873,10.217,3.888
2410286,0.0330546,3.60891339601949,0.862,0.881,-0.132,35.856,10.172,3.823
2410294,0.0506013,3.65951469587162,0.862,0.881,-0.133,35.850,10.164,3.741
2410304,0.0379669,3.69748159544542,0.862,0.881,-0.133,35.833,10.235,3.684
2410312,0.0394965,3.73697809549049,0.862,0.881,-0.134,35.787,10.332,3.652
2410320,0.0444484,3.78142649726942,0.862,0.881,-0.135,35.756,10.433,3.671
2410328,0.0380523,3.81947879912332,0.862,0.881,-0.135,35.669,10.447,3.620
2410338,0.0433305,3.86280930088833,0.862,0.882,-0.136,35.556,10.406,3.530
2410348,0.0451774,3.90798670100048,0.862,0.882,-0.137,35.483,10.390,3.491
2410356,0.0451794,3.95316610159352,0.861,0.882,-0.138,35.412,10.419,3.495
2410366,0.0495518,4.0027179014869,0.861,0.882,-0.139,35.381,10.452,3.518
2410376,0.0468782,4.04959610151127,0.860,0.882,-0.139,35.346,10.445,3.531
2410386,0.0495047,4.09910080255941,0.860,0.882,-0.139,35.376,10.405,3.573
2410394,0.0481949,4.14729570271447,0.859,0.882,-0.140,35.395,10.358,3.596
2410404,0.0453777,4.19267340423539,0.859,0.882,-0.140,35.395,10.337,3.659
2410414,0.0493413,4.24201470287517,0.859,0.882,-0.140,35.447,10.308,3.675
2410422,0.0424186,4.28443330200389,0.858,0.882,-0.140,35.464,10.291,3.656
2410430,0.0452304,4.32966370182112,0.858,0.882,-0.140,35.480,10.332,3.625
2410440,0.0417805,4.3714442034252,0.858,0.882,-0.140,35.520,10.438,3.705
2410448,0.0438118,4.41525600524619,0.858,0.882,-0.140,35.547,10.433,3.712
2410458,0.0482401,4.46349610434845,0.858,0.881,-0.139,35.580,10.344,3.664
2410466,0.0409232,4.50441930489615,0.857,0.881,-0.139,35.679,10.275,3.628
2410474,0.0429995,4.54741880344227,0.857,0.881,-0.139,35.710,10.269,3.635
2410484,0.0447269,4.59214570419863,0.857,0.881,-0.139,35.720,10.256,3.660
2410492,0.0450554,4.6372011047788,0.857,0.881,-0.139,35.753,10.208,3.655
2410502,0.0438462,4.68104730593041,0.856,0.881,-0.139,35.691,10.133,3.673
2410512,0.0449088,4.72595610516146,0.856,0.881,-0.139,35.736,10.019,3.676
2410520,0.0481199,4.77407600404695,0.855,0.881,-0.139,35.687,9.905,3.723
2410528,0.0469425,4.82101850258186,0.855,0.881,-0.139,35.677,9.830,3.791
2410536,0.0394555,4.8604740020819,0.854,0.881,-0.138,35.706,9.764,3.826
2410546,0.0427646,4.90323860244825,0.854,0.881,-0.138,35.734,9.702,3.852
2410556,0.0488613,4.95209990115836,0.854,0.881,-0.138,35.764,9.670,3.925
2410564,0.0472153,4.99931520270184,0.853,0.881,-0.138,35.753,9.602,3.999
2410572,0.0411844,5.04049960197881,0.853,0.881,-0.138,35.783,9.519,4.031
2410582,0.0420021,5.08250170247629,0.853,0.881,-0.138,35.796,9.443,4.055
2410590,0.047161,5.12966270418838,0.853,0.881,-0.138,35.838,9.424,4.092
2410600,0.0434687,5.17313140304759,0.852,0.881,-0.138,35.863,9.417,4.127
2410610,0.0439005,5.21703190403059,0.852,0.881,-0.138,35.920,9.407,4.136
2410618,0.046817,5.26384890498593,0.853,0.881,-0.138,35.917,9.434,4.162
2410626,0.0452709,5.30911980615929,0.853,0.880,-0.138,35.945,9.451,4.165
2410636,0.0400997,5.34921950520948,0.853,0.880,-0.138,36.017,9.436,4.168
2410644,0.0468605,5.39608000637963,0.853,0.880,-0.138,36.026,9.429,4.188
2410654,0.0431701,5.43925010459498,0.853,0.880,-0.138,36.051,9.374,4.149
2410662,0.0454617,5.48471180396155,0.854,0.880,-0.139,36.071,9.382,4.138
2410672,0.0441668,5.52887860359624,0.854,0.880,-0.139,36.109,9.411,4.110
2410680,0.0441452,5.57302380399778,0.854,0.880,-0.139,36.121,9.454,4.119
2410688,0.0446888,5.61771260248497,0.854,0.880,-0.139,36.130,9.476,4.170
2410698,0.0441191,5.66183170350268,0.854,0.880,-0.139,36.111,9.439,4.145
2410706,0.0462308,5.70806250395253,0.854,0.880,-0.140,36.105,9.390,4.127
2410716,0.0434879,5.75155040295795,0.854,0.880,-0.140,36.097,9.386,4.156
2410724,0.0425798,5.79413020284846,0.854,0.880,-0.140,36.071,9.399,4.181
2410734,0.04439,5.83852020325139,0.854,0.880,-0.140,36.043,9.392,4.184
2410742,0.0457484,5.88426860468462,0.854,0.880,-0.140,36.009,9.376,4.149
2410750,0.0467178,5.93098640488461,0.855,0.880,-0.141,36.034,9.371,4.154
2410760,0.0421807,5.97316710324958,0.855,0.881,-0.141,35.961,9.379,4.192
2410768,0.0456361,6.01880320208147,0.855,0.881,-0.141,35.918,9.338,4.194
2410778,0.0435962,6.06239940272644,0.855,0.881,-0.141,35.908,9.298,4.155
2410786,0.0440417,6.10644110338762,0.855,0.881,-0.141,35.889,9.271,4.098
2410794,0.0449391,6.15138020412996,0.855,0.881,-0.141,35.863,9.303,4.075
2410804,0.0423421,6.19372230442241,0.855,0.881,-0.141,35.853,9.322,4.112
2410814,0.0468016,6.24052390502766,0.855,0.881,-0.141,35.851,9.314,4.125
2410822,0.0433145,6.28383840667084,0.856,0.881,-0.140,35.834,9.253,4.071
2410830,0.0459242,6.32976260827854,0.856,0.881,-0.140,35.810,9.237,4.047
2410840,0.0379981,6.3677607071586,0.856,0.881,-0.140,35.783,9.240,4.063
2410848,0.0542263,6.42198700876907,0.856,0.881,-0.140,35.761,9.234,4.033
2410858,0.0405755,6.46256250934675,0.856,0.881,-0.140,35.750,9.215,3.999
2410866,0.0434317,6.50599420862272,0.856,0.881,-0.140,35.689,9.198,3.987
2410876,0.0451936,6.55118781002238,0.856,0.881,-0.140,35.700,9.144,3.971
2410884,0.0447008,6.59588861139491,0.856,0.881,-0.140,35.706,9.122,3.963
2410894,0.0426153,6.63850390957668,0.856,0.881,-0.140,35.588,9.085,4.001
2410902,0.0455954,6.68409930961207,0.856,0.882,-0.140,35.510,9.105,4.066
2410912,0.0472765,6.73137581022456,0.856,0.882,-0.140,35.326,9.182,4.077
2410920,0.0420755,6.7734513101168,0.856,0.883,-0.140,35.120,9.240,4.098
2410928,0.0522139,6.82566520990804,0.856,0.883,-0.140,35.194,9.322,4.161
2410938,0.0352885,6.86095371143892,0.857,0.883,-0.139,35.143,9.372,4.178
2410946,0.0452138,6.90616751136258,0.857,0.882,-0.139,35.105,9.424,4.290
2410956,0.0443983,6.95056581171229,0.857,0.882,-0.140,35.317,9.495,4.388
2410964,0.0445127,6.99507851200178,0.857,0.882,-0.140,35.238,9.569,4.436
2410972,0.0440672,7.03914571227506,0.857,0.882,-0.139,34.902,9.686,4.527
2410982,0.0430308,7.08217651071027,0.858,0.882,-0.139,35.095,9.788,4.664
2410990,0.0471899,7.1293664094992,0.858,0.882,-0.139,35.215,9.784,4.757
2411000,0.043783,7.17314941110089,0.858,0.882,-0.139,35.256,9.725,4.692
2411008,0.0449901,7.21813951106742,0.858,0.882,-0.138,35.121,9.731,4.668
2411016,0.0435558,7.2616953109391,0.859,0.882,-0.138,35.225,9.866,4.713
2411026,0.0446718,7.30636711092666,0.859,0.882,-0.138,35.130,9.905,4.794
2411036,0.0464317,7.35279881255701,0.860,0.882,-0.137,35.013,9.790,4.714
2411044,0.0432663,7.39606511266902,0.860,0.882,-0.137,34.868,9.774,4.606
2411052,0.0421614,7.43822651403025,0.860,0.882,-0.137,34.907,9.957,4.824
2411060,0.0426924,7.48091891454533,0.860,0.882,-0.137,34.909,10.069,5.049
2411070,0.0438857,7.52480461494997,0.859,0.882,-0.137,34.929,9.920,4.864
2411078,0.0457199,7.57052451418713,0.859,0.883,-0.137,34.716,9.792,4.330
2411088,0.0449917,7.61551621602848,0.858,0.884,-0.137,34.522,9.989,4.337
2411098,0.045236,7.66075221495703,0.858,0.884,-0.137,34.286,10.288,4.497
2411106,0.0474464,7.70819861488417,0.858,0.883,-0.137,34.279,10.667,4.798
2411116,0.0397732,7.74797181459144,0.859,0.882,-0.137,34.321,11.273,5.376
2411124,0.0468167,7.79478851379827,0.860,0.882,-0.137,34.432,11.640,5.498
2411132,0.0456362,7.840424713213,0.861,0.882,-0.137,34.267,11.743,5.030
2411142,0.0464223,7.88684701221064,0.862,0.882,-0.137,34.001,11.756,4.487
2411148,0.0458478,7.93269481183961,0.863,0.882,-0.137,33.913,11.583,3.990
2411158,0.0375244,7.97021921025589,0.863,0.881,-0.137,33.928,11.452,3.569
2411166,0.0336181,8.0038373102434,0.864,0.881,-0.136,33.817,11.502,3.262
2411176,0.0492175,8.05305481003597,0.865,0.881,-0.136,33.624,11.781,3.126
2411184,0.0429739,8.09602870838717,0.866,0.882,-0.135,33.473,12.232,3.172
2411194,0.0416622,8.13769090967253,0.867,0.882,-0.135,33.377,12.745,3.348
2411202,0.0475642,8.18525511072949,0.867,0.882,-0.135,33.375,13.130,3.514
2411212,0.0442206,8.22947571100667,0.867,0.881,-0.135,33.297,13.262,3.536
2411220,0.0453533,8.27482901187614,0.867,0.881,-0.135,33.179,13.231,3.506
2411230,0.0433933,8.31822231085971,0.866,0.882,-0.136,33.168,13.129,3.508
2411240,0.0476096,8.36583191202953,0.866,0.882,-0.136,32.787,13.028,3.528
2411248,0.0548747,8.42070661159232,0.866,0.883,-0.137,32.307,12.989,3.621
2411258,0.0428794,8.46358601050451,0.865,0.884,-0.137,31.813,12.964,3.721
2411266,0.04532,8.508906011004,0.865,0.886,-0.137,31.252,12.898,3.729
2411274,0.0422832,8.55118921073154,0.865,0.886,-0.138,30.883,12.800,3.698
2411284,0.0446808,8.59587001102045,0.865,0.887,-0.139,30.734,12.700,3.661
2411292,0.0453828,8.64125281246379,0.865,0.888,-0.139,30.539,12.602,3.539
2411302,0.042767,8.6840198119171,0.865,0.888,-0.140,30.290,12.586,3.491
2411310,0.0434462,8.7274660137482,0.865,0.888,-0.141,30.170,12.676,3.529
2411318,0.0451988,8.77266481192783,0.865,0.889,-0.142,29.999,12.811,3.620
2411328,0.0424594,8.8151242104359,0.865,0.889,-0.142,29.878,12.874,3.621
2411338,0.0448619,8.85998611198738,0.865,0.890,-0.143,29.747,12.928,3.605
2411346,0.0458728,8.90585891203955,0.866,0.890,-0.144,29.709,12.953,3.595
2411354,0.0460054,8.95186431379989,0.866,0.890,-0.144,29.567,12.934,3.532
2411362,0.0415514,8.9934157137759,0.866,0.890,-0.145,29.590,12.832,3.472
2411370,0.0374832,9.03089891420677,0.866,0.890,-0.145,29.785,12.527,3.357
2411374,0.0369618,9.06786071555689,0.865,0.889,-0.145,30.169,11.969,3.161
2411382,0.0272926,9.09515331545845,0.864,0.888,-0.145,30.705,11.131,2.953
2411388,0.0464862,9.14163951436058,0.862,0.886,-0.145,31.334,10.166,2.746
2411394,0.0150802,9.15671971393749,0.860,0.885,-0.145,32.052,9.012,2.468
2411402,0.0546442,9.21136391488835,0.856,0.882,-0.145,32.925,7.058,2.071
2411410,0.0277956,9.23915951466188,0.852,0.881,-0.144,33.557,5.115,1.673
2411420,0.0460248,9.2851843140088,0.847,0.880,-0.144,34.097,2.799,1.113
2411426,0.0316882,9.31687251245603,0.843,0.878,-0.143,34.677,1.119,0.668
2411436,0.0355614,9.35243391385302,0.841,0.878,-0.143,34.953,0.087,0.459
2411444,0.0454694,9.39790331339464,0.839,0.878,-0.142,35.068,359.721,0.560
2411454,0.0445069,9.44241021340713,0.838,0.878,-0.141,34.893,0.105,0.872
2411462,0.0460999,9.48851011460647,0.838,0.880,-0.140,33.900,1.557,1.610
2411470,0.0421143,9.53062441339716,0.841,0.883,-0.138,32.289,3.997,3.062
2411480,0.0420168,9.57264121389017,0.844,0.885,-0.138,31.463,6.337,4.392
2411490,0.055336,9.62797721242532,0.846,0.884,-0.138,31.545,8.074,5.336
2411500,0.0488634,9.67684061219916,0.849,0.883,-0.139,32.152,9.409,6.099
2411510,0.0451184,9.72195901116356,0.850,0.881,-0.139,32.464,10.158,6.434
2411520,0.0490078,9.77096681063995,0.852,0.881,-0.140,32.891,10.514,6.417
2411528,0.0468793,9.81784610962495,0.853,0.880,-0.140,32.862,10.563,6.389
2411538,0.0438107,9.86165680876002,0.853,0.880,-0.141,32.793,10.571,6.408
2411546,0.0450816,9.90673840930685,0.854,0.881,-0.141,32.431,10.504,6.347
2411554,0.0448313,9.95156970759854,0.855,0.883,-0.141,31.680,10.613,6.379
2411564,0.0445471,9.99611680721864,0.855,0.884,-0.141,31.090,10.775,6.454
2411574,0.0422247,10.0383415087126,0.855,0.884,-0.142,31.405,10.914,6.607
2411582,0.0478506,10.0861921100877,0.855,0.883,-0.143,31.663,10.845,6.632
2411592,0.0437358,10.129927908536,0.855,0.882,-0.143,31.823,10.479,6.549
2411600,0.045629,10.1755569069646,0.854,0.882,-0.143,32.068,10.046,6.511
2411608,0.0408559,10.2164128064178,0.852,0.882,-0.144,32.221,9.373,6.381
2411618,0.0514518,10.2678646049462,0.850,0.882,-0.144,32.380,8.502,6.169
2411626,0.0391074,10.3069720058702,0.848,0.881,-0.144,32.519,7.602,5.884
2411630,0.0435238,10.3504958054982,0.846,0.880,-0.144,33.057,6.481,5.682
2411638,0.0172384,10.3677342063747,0.843,0.879,-0.144,33.845,4.797,5.288
2411642,0.0532812,10.4210154055618,0.839,0.877,-0.144,34.540,2.860,4.643
2411650,0.0174674,10.4384828056209,0.836,0.876,-0.144,34.975,1.172,3.997
2411658,0.0305537,10.4690365060233,0.831,0.874,-0.145,35.638,358.989,3.303
2411666,0.062926,10.53196250787,0.827,0.873,-0.145,36.071,357.032,2.855
2411672,0.0420697,10.5740322074853,0.823,0.873,-0.145,36.264,355.601,2.785
2411682,0.0177369,10.5917691080831,0.821,0.872,-0.145,36.509,354.746,3.001
2411690,0.0627898,10.654558905866,0.818,0.872,-0.145,36.653,354.141,3.357
2411698,0.0142415,10.6688004056923,0.816,0.871,-0.145,36.840,353.783,3.545
2411706,0.0566527,10.7254531043582,0.815,0.871,-0.145,36.931,353.707,3.796
2411716,0.0353443,10.7607974032871,0.815,0.871,-0.145,36.920,354.048,4.048
2411724,0.0377173,10.7985147046857,0.816,0.871,-0.145,36.834,354.781,4.510
2411732,0.0488941,10.8474088045768,0.817,0.872,-0.145,36.437,355.905,5.094
2411742,0.0361671,10.8835759046488,0.819,0.872,-0.145,36.313,356.940,5.595
2411752,0.0476888,10.9312647054903,0.821,0.872,-0.145,36.095,358.014,6.034
2411762,0.0465454,10.9778101067059,0.823,0.872,-0.145,36.145,359.054,6.409
2411770,0.0491993,11.0270094084553,0.825,0.872,-0.145,36.300,0.176,6.811
2411780,0.0479001,11.0749095077626,0.828,0.871,-0.145,36.419,1.427,7.105
2411790,0.049765,11.1246745060198,0.832,0.871,-0.145,36.510,3.301,7.722
2411800,0.0470572,11.171731706243,0.836,0.871,-0.145,36.459,5.516,8.456
2411810,0.0478572,11.2195889051072,0.841,0.872,-0.145,36.044,7.881,9.252
2411820,0.0520153,11.2716042059474,0.845,0.874,-0.145,35.253,10.138,10.297
2411828,0.0507319,11.3223361070268,0.849,0.875,-0.145,34.622,11.618,11.218
2411836,0.0440188,11.3663549083285,0.852,0.876,-0.146,34.438,12.826,12.038
2411846,0.0331947,11.3995496067218,0.853,0.875,-0.147,34.815,13.180,12.176
2411854,0.0511432,11.4506928059272,0.853,0.874,-0.148,35.411,12.451,11.363
2411862,0.0376233,11.4883161070757,0.853,0.873,-0.149,36.006,11.339,10.617
2411872,0.0498699,11.5381860057823,0.852,0.872,-0.149,36.382,10.049,9.877
2411882,0.0444198,11.5826058047824,0.851,0.872,-0.150,36.441,9.078,9.521
2411890,0.0443791,11.6269849049859,0.849,0.872,-0.150,36.560,8.087,9.047
2411898,0.0427651,11.6697500045411,0.849,0.873,-0.150,36.321,7.438,8.746
2411908,0.0406682,11.7104182052426,0.849,0.872,-0.150,36.587,7.315,8.820
2411918,0.0505282,11.7609464037232,0.849,0.872,-0.150,36.787,7.553,9.050
2411926,0.0443288,11.8052752050571,0.850,0.872,-0.150,36.634,7.882,9.310
2411934,0.0459949,11.8512701052241,0.850,0.872,-0.150,36.726,8.342,9.619
2411942,0.0456065,11.8968766066246,0.851,0.872,-0.149,36.563,8.752,9.800
2411952,0.0401975,11.937074105721,0.851,0.872,-0.149,36.639,8.944,9.851
2411962,0.0414438,11.978517904412,0.851,0.871,-0.149,36.895,8.605,9.602
2411970,0.0511714,12.029689304065,0.850,0.871,-0.148,37.178,7.618,9.058
2411980,0.0456515,12.0753408032469,0.847,0.870,-0.147,37.483,5.676,7.990
2411988,0.0443963,12.1197371031158,0.843,0.870,-0.147,37.906,3.568,6.855
2411998,0.0427116,12.162448703777,0.840,0.869,-0.147,38.261,1.694,6.003
2412006,0.0440465,12.2064952026121,0.836,0.869,-0.147,38.568,0.124,5.435
2412014,0.0429037,12.2493989015929,0.833,0.868,-0.147,38.887,358.797,5.035
2412022,0.0443153,12.2937142024748,0.830,0.868,-0.147,39.093,357.397,4.570
2412032,0.0431498,12.3368640015833,0.827,0.868,-0.147,39.162,356.256,4.205
2412042,0.0457372,12.3826012010686,0.825,0.868,-0.147,39.038,355.530,3.991
2412050,0.0457457,12.4283469016664,0.824,0.868,-0.147,38.944,355.441,4.133
2412060,0.0487522,12.4770991015248,0.824,0.868,-0.147,38.873,356.000,4.672
2412068,0.0394914,12.5165905016474,0.825,0.869,-0.147,38.732,356.711,5.226
2412076,0.0477336,12.5643241028301,0.826,0.869,-0.147,38.506,357.579,5.732
2412086,0.0440939,12.608418002259,0.827,0.870,-0.147,38.324,358.371,6.132
2412094,0.0439117,12.6523297014646,0.829,0.870,-0.147,38.167,358.945,6.337
2412104,0.0429291,12.6952588032,0.829,0.871,-0.148,37.948,359.097,6.235
2412114,0.044934,12.7401928040199,0.830,0.872,-0.148,37.654,358.880,5.943
2412122,0.0465745,12.786767303478,0.830,0.872,-0.149,37.428,358.591,5.705
2412130,0.0387511,12.8255184027366,0.830,0.873,-0.150,37.033,358.377,5.610
2412138,0.0467134,12.8722318033688,0.830,0.874,-0.150,36.764,358.269,5.646
2412148,0.0441426,12.9163744035177,0.831,0.874,-0.151,36.558,358.227,5.692
2412158,0.0468137,12.9631881038658,0.831,0.874,-0.151,36.674,358.227,5.749
2412166,0.0435447,13.0067328023724,0.831,0.874,-0.151,36.511,358.258,5.930
2412174,0.0480322,13.054765004199,0.831,0.874,-0.151,36.454,358.253,6.095
2412184,0.0408397,13.0956047023647,0.831,0.874,-0.151,36.432,358.226,6.276
2412192,0.0505469,13.1461516018026,0.831,0.874,-0.151,36.352,358.069,6.292
2412200,0.03721,13.1833616006188,0.831,0.874,-0.151,36.398,357.895,6.209
2412210,0.0427403,13.2261019009165,0.831,0.874,-0.150,36.300,357.720,6.122
2412220,0.0438525,13.2699544015341,0.831,0.873,-0.150,36.478,357.665,6.064
2412228,0.0452354,13.3151898006909,0.832,0.873,-0.149,36.481,357.673,6.052
2412236,0.0409412,13.3561310018413,0.832,0.873,-0.148,36.433,357.688,6.093
2412246,0.0478169,13.4039479005151,0.832,0.873,-0.148,36.332,357.680,6.103
2412254,0.0456292,13.4495771001093,0.833,0.873,-0.147,36.221,357.570,6.081
2412264,0.0440374,13.4936145017855,0.833,0.873,-0.146,36.265,357.488,6.057
2412272,0.0472944,13.5409089024179,0.832,0.873,-0.146,36.319,357.295,6.040
2412280,0.0428224,13.5837313006632,0.832,0.873,-0.145,36.349,357.127,6.021
2412286,0.0358458,13.6195771018974,0.831,0.873,-0.145,36.431,356.873,5.998
2412294,0.0318587,13.6514358031563,0.831,0.872,-0.145,36.530,356.554,5.947
2412300,0.0450879,13.6965237031691,0.830,0.872,-0.144,36.629,356.257,5.882
2412304,0.0230741,13.7195978029631,0.830,0.872,-0.144,36.710,355.990,5.829
2412314,0.0279194,13.7475172034465,0.829,0.872,-0.143,36.775,355.628,5.812
2412320,0.0600831,13.8076003021561,0.829,0.872,-0.142,36.723,355.345,5.798
2412330,0.0137083,13.8213086021133,0.828,0.872,-0.141,36.714,355.084,5.780
2412338,0.0556313,13.8769399006851,0.828,0.872,-0.141,36.713,354.821,5.748
2412346,0.0436303,13.9205701989122,0.827,0.872,-0.140,36.798,354.585,5.677
2412356,0.0369704,13.9575405982323,0.827,0.872,-0.140,36.759,354.379,5.593
2412364,0.0390578,13.9965983969159,0.827,0.872,-0.139,36.673,354.213,5.522
2412372,0.0444071,14.0410054964013,0.827,0.872,-0.138,36.600,354.097,5.481
2412382,0.0429785,14.0839839954861,0.827,0.873,-0.138,36.522,353.928,5.437
2412390,0.047692,14.131675996352,0.827,0.873,-0.137,36.456,353.708,5.327
2412400,0.0395793,14.1712552946992,0.827,0.873,-0.136,36.409,353.545,5.270
2412410,0.0473565,14.2186117959209,0.827,0.873,-0.136,36.374,353.532,5.258
2412420,0.0515138,14.2701255944557,0.828,0.874,-0.134,36.259,353.597,5.306
2412428,0.0467899,14.3169154939242,0.829,0.874,-0.133,36.262,353.638,5.394
2412438,0.0461363,14.363051794935,0.829,0.874,-0.132,36.399,353.538,5.398
2412448,0.0472842,14.4103359957226,0.830,0.874,-0.131,36.431,353.267,5.320
2412456,0.0517738,14.4621097971685,0.831,0.873,-0.130,36.470,353.007,5.187
2412466,0.0425046,14.5046143983491,0.832,0.874,-0.129,36.500,352.697,5.081
2412474,0.0455256,14.5501399976201,0.834,0.874,-0.127,36.459,352.404,5.003
2412484,0.0441573,14.5942972977646,0.835,0.874,-0.126,36.430,352.144,4.922
2412492,0.0473714,14.6416686964221,0.837,0.874,-0.125,36.485,351.910,4.797
2412502,0.0420213,14.6836899970658,0.838,0.874,-0.124,36.594,351.691,4.680
2412510,0.0445625,14.728252497036,0.839,0.874,-0.122,36.620,351.472,4.633
2412520,0.0459568,14.7742092986591,0.840,0.874,-0.121,36.628,351.235,4.641
2412528,0.0436818,14.8178910990246,0.841,0.874,-0.119,36.614,350.932,4.612
2412538,0.0448081,14.8626991999336,0.841,0.874,-0.118,36.602,350.635,4.570
2412546,0.0446389,14.9073380981572,0.841,0.874,-0.117,36.625,350.339,4.657
2412554,0.0436594,14.9509974983521,0.841,0.874,-0.116,36.729,349.924,4.827
2412564,0.039837,14.990834497381,0.840,0.875,-0.114,36.650,349.471,4.843
2412572,0.0502771,15.0411115963943,0.839,0.875,-0.112,36.679,349.109,4.803
2412582,0.0437466,15.0848581981845,0.839,0.875,-0.111,36.769,348.943,4.784
2412590,0.0439559,15.1288140979595,0.839,0.874,-0.109,36.814,348.877,4.754
2412600,0.0447451,15.173559196759,0.839,0.874,-0.108,36.853,348.929,4.829
2412608,0.0433299,15.216889095027,0.839,0.874,-0.106,36.898,349.005,4.945
2412616,0.0465734,15.2634624955244,0.838,0.875,-0.105,36.874,348.975,5.055
2412626,0.038176,15.3016384956427,0.837,0.875,-0.103,36.863,348.789,5.160
2412634,0.0510055,15.3526439969428,0.836,0.875,-0.102,36.885,348.387,5.205
2412644,0.0433888,15.3960327957757,0.834,0.875,-0.101,36.918,347.771,5.231
2412652,0.0432579,15.4392906953581,0.831,0.876,-0.102,36.946,346.424,5.344
2412660,0.0444559,15.4837465961464,0.823,0.877,-0.104,36.933,342.117,4.609
2412670,0.0422035,15.5259500970133,0.809,0.877,-0.110,36.839,334.161,2.563
2412680,0.04905,15.5750000965782,0.793,0.877,-0.120,36.964,323.414,359.252
2412688,0.0432407,15.6182407964952,0.775,0.876,-0.134,37.094,310.871,355.745
2412696,0.0436639,15.6619046968408,0.761,0.874,-0.151,37.239,298.804,352.496
2412706,0.0390635,15.7009681952186,0.751,0.871,-0.169,37.985,288.492,350.283
2412714,0.0482787,15.7492468957789,0.744,0.867,-0.185,39.187,280.349,348.781
2412724,0.0410884,15.7903352943249,0.740,0.863,-0.201,40.400,273.067,347.835
2412732,0.045523,15.8358582933433,0.737,0.860,-0.215,40.803,267.153,347.287
2412740,0.0469035,15.8827617918141,0.735,0.860,-0.227,40.443,261.625,346.109
2412750,0.0418798,15.9246415910311,0.735,0.861,-0.237,39.700,258.014,345.120
2412760,0.0451977,15.9698392902501,0.735,0.862,-0.242,39.353,256.576,345.234
2412768,0.0444636,16.0143028912134,0.735,0.862,-0.245,39.336,256.468,346.116
2412776,0.0511478,16.0654506911524,0.737,0.862,-0.246,39.533,257.072,347.091
2412782,0.0396943,16.1051449929364,0.738,0.861,-0.246,39.576,257.567,347.789
2412788,0.0345571,16.1397020933218,0.738,0.861,-0.245,39.610,258.155,348.314
2412794,0.0211176,16.1608196930029,0.739,0.862,-0.245,39.639,258.698,348.706
2412802,0.0402241,16.2010437943973,0.739,0.862,-0.244,39.512,259.093,348.977
2412808,0.0417909,16.2428346932866,0.740,0.863,-0.243,39.206,259.410,349.263
2412816,0.0170029,16.2598375924863,0.740,0.864,-0.242,38.869,259.358,349.249
2412826,0.0459911,16.3058286928572,0.740,0.865,-0.241,38.582,259.123,349.134
2412834,0.0438123,16.3496409938671,0.739,0.866,-0.241,38.161,259.034,349.126
2412842,0.0440828,16.3937237956561,0.738,0.869,-0.240,37.323,259.300,349.418
2412852,0.0441245,16.4378482946195,0.736,0.871,-0.240,36.327,259.713,349.719
2412862,0.0463798,16.4842280955054,0.735,0.873,-0.239,35.632,260.153,349.971
2412870,0.0467457,16.5309737944044,0.734,0.874,-0.238,35.170,260.740,350.294
2412878,0.0413945,16.5723682926036,0.732,0.875,-0.238,34.137,261.615,350.751
2412888,0.0416297,16.6139979944564,0.729,0.879,-0.238,32.092,262.502,351.157
2412896,0.0474702,16.6614681952633,0.726,0.884,-0.237,29.797,263.277,351.456
2412908,0.0426291,16.7040972956456,0.725,0.888,-0.236,28.448,263.878,351.859
2412916,0.0589623,16.7630595960654,0.724,0.888,-0.235,28.355,264.196,352.239
2412926,0.0425376,16.8055971958674,0.723,0.888,-0.235,28.656,264.433,352.538
2412934,0.047749,16.8533461974002,0.722,0.887,-0.235,28.927,264.354,352.559
2412944,0.0467567,16.9001028970815,0.720,0.887,-0.235,29.170,264.177,352.384
2412952,0.0377696,16.9378724978305,0.718,0.886,-0.236,29.333,264.138,352.330
2412962,0.0465033,16.9843757995404,0.717,0.886,-0.236,29.325,264.238,352.471
2412970,0.0432138,17.0275895991363,0.715,0.886,-0.236,29.271,264.346,352.617
2412980,0.0427145,17.0703040980734,0.714,0.886,-0.237,29.321,264.482,352.725
2412988,0.0481436,17.1184476972558,0.712,0.886,-0.237,29.368,264.601,352.836
2412998,0.0441939,17.1626415983774,0.711,0.886,-0.238,29.387,264.669,352.917
2413006,0.0432849,17.2059264988638,0.710,0.886,-0.238,29.388,264.733,352.985
2413014,0.0450289,17.2509553977288,0.708,0.886,-0.238,29.399,264.832,352.941
2413024,0.0441297,17.2950850971974,0.707,0.886,-0.237,29.390,265.078,352.796
2413032,0.0430262,17.3381112986244,0.706,0.886,-0.236,29.539,265.541,352.648
2413042,0.0455658,17.3836770975031,0.706,0.885,-0.235,29.747,266.074,352.572
2413050,0.044562,17.4282390982844,0.705,0.885,-0.234,29.638,266.506,352.448
2413060,0.0422134,17.4704524972476,0.704,0.885,-0.233,29.460,266.814,352.448
2413068,0.0470118,17.5174642973579,0.704,0.886,-0.233,29.386,267.062,352.528
2413076,0.045576,17.5630402960815,0.703,0.886,-0.233,29.341,267.182,352.596
2413080,0.0442426,17.6072828979231,0.703,0.886,-0.234,29.310,267.268,352.630
2413088,0.0198637,17.6271465984173,0.702,0.886,-0.234,29.307,267.308,352.670
2413092,0.0339551,17.6611016993411,0.702,0.886,-0.234,29.279,267.375,352.674
2413102,0.0285684,17.6896700994112,0.702,0.886,-0.234,29.270,267.459,352.717
2413106,0.057146,17.7468161010183,0.701,0.886,-0.235,29.273,267.612,352.737
2413116,0.0078893,17.7547054006718,0.701,0.886,-0.235,29.227,267.772,352.734
2413124,0.0595196,17.814225000795,0.701,0.887,-0.235,29.146,267.984,352.767
2413132,0.0382787,17.8525036997162,0.701,0.887,-0.236,29.157,268.115,352.779
2413142,0.0329014,17.8854050985537,0.701,0.887,-0.237,29.093,268.259,352.836
2413150,0.0435061,17.9289111993276,0.701,0.887,-0.238,29.023,268.331,352.920
2413160,0.0450118,17.9739229991101,0.701,0.887,-0.239,28.863,268.345,353.024
2413168,0.0447932,18.0187161988579,0.701,0.888,-0.240,28.744,268.357,353.049
2413176,0.0402821,18.0589982992969,0.701,0.888,-0.241,28.638,268.441,353.124
2413186,0.0484168,18.1074151000939,0.701,0.888,-0.241,28.634,268.597,353.255
2413194,0.0429978,18.1504128999077,0.701,0.888,-0.242,28.617,268.732,353.328
2413206,0.0468753,18.1972882016562,0.701,0.888,-0.242,28.505,268.902,353.178
2413214,0.0535609,18.2508491030894,0.700,0.888,-0.241,28.366,269.341,352.997
2413224,0.0442132,18.2950623049401,0.701,0.888,-0.240,28.262,270.121,353.006
2413234,0.0539139,18.3489762037061,0.701,0.888,-0.238,28.252,270.636,353.073
2413244,0.0449856,18.393961803522,0.701,0.889,-0.237,28.189,270.995,353.085
2413252,0.0455422,18.4395040026866,0.701,0.889,-0.237,28.147,271.096,353.054
2413260,0.043263,18.4827670021914,0.700,0.889,-0.237,28.122,271.215,353.098
2413270,0.0423876,18.5251546031795,0.700,0.889,-0.236,28.016,271.268,353.112
2413280,0.0457466,18.5709012015723,0.699,0.889,-0.236,27.975,271.277,353.120
2413288,0.0478657,18.618766901549,0.698,0.889,-0.236,27.999,271.285,353.086
2413296,0.0435055,18.662272402551,0.697,0.888,-0.236,28.193,271.302,353.043
2413306,0.042876,18.7051484039985,0.697,0.887,-0.235,28.568,271.555,352.973
2413314,0.0451663,18.7503147027455,0.696,0.887,-0.233,28.904,272.360,352.896
2413324,0.0451741,18.7954888022505,0.697,0.886,-0.228,29.590,274.734,352.705
2413330,0.0424685,18.8379573016427,0.701,0.885,-0.216,31.060,281.752,354.034
2413340,0.0375759,18.8755332021974,0.709,0.883,-0.199,32.535,292.931,357.706
2413350,0.0503531,18.9258863008581,0.720,0.882,-0.179,33.238,305.928,1.966
2413358,0.044036,18.9699223018251,0.736,0.882,-0.161,33.070,319.766,6.259
2413366,0.0449881,19.0149104013108,0.753,0.882,-0.146,32.600,331.692,9.610
2413376,0.043857,19.058767402079,0.771,0.883,-0.135,31.897,342.256,12.203
2413386,0.0453545,19.1041219024919,0.785,0.884,-0.128,31.663,349.464,13.427
2413394,0.0469861,19.1511080018245,0.795,0.883,-0.124,31.834,353.097,13.187
2413404,0.0423255,19.1934335022233,0.802,0.882,-0.121,32.644,354.753,12.164
2413412,0.0458612,19.2392947017215,0.806,0.881,-0.119,33.755,354.935,10.934
2413422,0.0451678,19.2844625017606,0.808,0.879,-0.118,34.804,354.572,9.694
2413428,0.044555,19.3290175027214,0.809,0.877,-0.117,35.545,354.244,9.036
2413436,0.0342984,19.3633159040473,0.809,0.876,-0.117,36.147,353.835,8.503
2413440,0.0458457,19.4091616026126,0.809,0.875,-0.116,36.549,353.547,8.278
2413448,0.013978,19.4231396024115,0.809,0.874,-0.116,36.766,353.235,8.010
2413452,0.0513034,19.4744430040009,0.808,0.874,-0.116,36.917,352.931,7.743
2413460,0.0112261,19.4856691039167,0.808,0.874,-0.116,37.141,352.656,7.511
2413468,0.0552786,19.540947703179,0.807,0.874,-0.116,37.280,352.644,7.452
2413476,0.0357201,19.5766678019427,0.807,0.873,-0.117,37.564,352.897,7.630
2413486,0.0329825,19.60965030035,0.806,0.872,-0.117,37.911,353.078,7.827
2413494,0.0433582,19.6530084996484,0.805,0.870,-0.117,38.514,353.327,8.070
2413502,0.0337377,19.686746200081,0.804,0.869,-0.117,38.874,353.611,8.427
2413510,0.0444351,19.7311812988482,0.803,0.868,-0.118,39.126,353.897,8.810
2413520,0.0407995,19.7719807974063,0.802,0.867,-0.118,39.136,353.968,8.931
2413528,0.0464469,19.8184276982211,0.802,0.867,-0.118,39.126,353.919,8.913
2413536,0.045448,19.8638756996952,0.801,0.867,-0.119,39.062,353.894,8.832
2413546,0.0440208,19.9078965014778,0.801,0.867,-0.119,38.959,353.872,8.715
2413556,0.0469766,19.9548731013201,0.802,0.868,-0.119,38.721,354.037,8.649
2413566,0.0475326,20.0024057007395,0.803,0.868,-0.119,38.551,354.318,8.544
2413576,0.0471947,20.0496004014276,0.804,0.868,-0.120,38.483,354.757,8.505
2413586,0.05382,20.1034204005264,0.805,0.868,-0.120,38.426,355.200,8.525
2413596,0.0474572,20.1508776000701,0.807,0.869,-0.120,38.215,355.642,8.559
2413604,0.0485455,20.199423098471,0.808,0.869,-0.120,38.138,356.125,8.557
2413610,0.0436027,20.2430257997476,0.809,0.869,-0.120,38.086,356.586,8.584
2413618,0.0316529,20.2746787010692,0.810,0.869,-0.120,37.928,357.008,8.570
2413622,0.0459326,20.3206112994812,0.811,0.868,-0.120,37.817,357.476,8.528
2413630,0.0189403,20.3395515992306,0.813,0.868,-0.120,37.840,358.059,8.504
2413638,0.0496545,20.3892060979269,0.815,0.868,-0.120,37.852,358.825,8.473
2413646,0.0288793,20.4180853976868,0.818,0.868,-0.120,37.283,359.321,8.138
2413656,0.0477413,20.4658266990446,0.821,0.869,-0.120,37.068,-0.003,7.965
2413664,0.0386386,20.5044652982615,0.824,0.868,-0.121,37.453,0.928,7.969
2413672,0.0382095,20.5426747999154,0.828,0.867,-0.121,37.465,2.006,8.039
2413680,0.0388061,20.58148089936,0.831,0.866,-0.121,37.553,2.992,8.089
2413688,0.0464504,20.6279312982224,0.833,0.866,-0.121,37.847,3.774,8.244
2413698,0.042689,20.6706202975474,0.834,0.865,-0.121,37.828,4.089,8.221
2413708,0.0474261,20.7180463983677,0.834,0.864,-0.122,37.883,4.007,8.215
2413716,0.0453766,20.7634229972027,0.833,0.864,-0.122,38.003,3.661,8.181
2413726,0.0420315,20.8054544976912,0.831,0.864,-0.123,37.969,3.134,8.054
2413734,0.0453821,20.85083659878,0.829,0.863,-0.123,38.295,2.511,7.892
2413744,0.0464231,20.8972596987151,0.828,0.862,-0.124,38.437,2.053,7.834
2413754,0.0448429,20.9421025975607,0.826,0.861,-0.125,38.482,1.600,7.808
2413764,0.0523793,20.9944818965159,0.825,0.861,-0.126,38.682,1.235,7.756
2413772,0.0463481,21.0408299951814,0.824,0.861,-0.127,38.745,0.968,7.774
2413780,0.0420432,21.0828731968068,0.823,0.860,-0.128,38.722,0.766,7.811
2413790,0.0464855,21.1293586953543,0.823,0.860,-0.129,39.061,0.804,7.983
2413798,0.0451278,21.1744864969514,0.823,0.859,-0.129,38.938,0.734,8.041
2413808,0.0454122,21.2198986983858,0.822,0.859,-0.130,38.785,0.642,8.093
2413816,0.0441147,21.2640133998357,0.822,0.859,-0.131,38.865,0.500,8.122
2413826,0.0430621,21.30707549816,0.821,0.859,-0.132,38.976,0.291,8.079
2413832,0.0451957,21.3522711968981,0.821,0.858,-0.133,39.104,0.154,8.058
2413838,0.0352344,21.387505596038,0.821,0.858,-0.134,39.159,0.019,7.984
2413846,0.0325749,21.4200804955326,0.820,0.858,-0.134,39.130,359.920,7.912
2413850,0.0456644,21.4657448953949,0.820,0.858,-0.135,39.066,359.869,7.854
2413858,0.0223189,21.4880637950264,0.820,0.858,-0.135,39.045,359.868,7.820
2413866,0.0267954,21.514859195333,0.820,0.858,-0.136,39.029,359.929,7.843
2413874,0.043525,21.5583841945045,0.819,0.858,-0.137,38.983,359.942,7.840
2413884,0.0470268,21.6054109963588,0.819,0.857,-0.138,39.014,359.982,7.932
2413892,0.0441878,21.6495987954549,0.818,0.857,-0.139,38.887,359.895,7.862
2413900,0.0362501,21.6858488949947,0.818,0.857,-0.140,38.887,359.845,7.750
2413908,0.032878,21.7187268952839,0.818,0.858,-0.140,38.702,359.838,7.662
2413918,0.0495109,21.7682377952151,0.817,0.858,-0.141,38.599,359.876,7.628
2413926,0.044577,21.8128147940151,0.816,0.857,-0.141,38.825,359.893,7.635
2413936,0.0413266,21.8541413950734,0.815,0.857,-0.142,38.925,359.736,7.611
2413944,0.0488777,21.9030190962367,0.814,0.857,-0.142,38.836,359.447,7.548
2413954,0.0397398,21.9427588949911,0.813,0.856,-0.143,39.058,359.113,7.427
2413964,0.0527507,21.9955095942132,0.811,0.856,-0.144,38.942,358.389,6.912
2413972,0.0436834,22.0391929927282,0.809,0.857,-0.144,38.856,357.708,6.481
2413982,0.0462738,22.085466794204,0.808,0.856,-0.145,38.999,357.240,6.105
2413992,0.0508641,22.1363308946602,0.808,0.857,-0.146,38.764,356.989,5.888
2414000,0.0457098,22.1820406946354,0.807,0.857,-0.146,38.724,357.067,5.807
2414008,0.0464471,22.2284877928905,0.807,0.857,-0.147,38.750,357.432,5.914
2414018,0.0418425,22.270330294501,0.807,0.857,-0.147,38.606,357.800,6.068
2414028,0.0450914,22.3154216962866,0.807,0.857,-0.148,38.535,358.040,6.126
2414036,0.0495875,22.365009195637,0.807,0.857,-0.148,38.496,358.122,6.097
2414046,0.0423177,22.4073268952779,0.806,0.858,-0.149,38.278,358.115,6.005
2414054,0.0457236,22.4530504937284,0.806,0.857,-0.149,38.458,358.229,6.004
2414064,0.0423172,22.4953676941805,0.805,0.857,-0.150,38.411,358.305,6.044
2414072,0.0437543,22.5391219924204,0.803,0.857,-0.150,38.311,358.304,6.121
2414082,0.0454572,22.5845791916363,0.802,0.857,-0.150,38.488,358.212,6.165
2414088,0.0461268,22.6307059931569,0.800,0.857,-0.150,38.267,357.944,6.097
2414098,0.0415412,22.6722471932881,0.798,0.857,-0.150,38.165,357.674,6.060
2414108,0.0439954,22.7162425923161,0.795,0.857,-0.151,38.141,357.458,6.080
2414116,0.0526603,22.7689028936438,0.794,0.857,-0.151,38.052,357.251,6.088
2414124,0.0395504,22.8084532949142,0.792,0.857,-0.151,38.122,357.060,6.063
2414134,0.0378343,22.8462875965051,0.790,0.857,-0.151,38.326,356.864,6.087
2414144,0.0486055,22.8948930981569,0.788,0.856,-0.152,38.539,356.700,6.089
2414152,0.0449624,22.9398554968648,0.787,0.855,-0.152,38.731,356.630,6.097
2414160,0.0444134,22.9842688958161,0.786,0.855,-0.151,38.825,356.600,6.109
2414170,0.0446807,23.0289495955221,0.786,0.855,-0.151,38.827,356.597,6.110
2414178,0.0428493,23.0717988940887,0.786,0.855,-0.150,38.801,356.613,6.082
2414188,0.0453222,23.1171210925095,0.786,0.854,-0.149,38.620,356.688,6.201
2414196,0.0437671,23.1608881908469,0.786,0.854,-0.148,38.548,356.816,6.288
2414204,0.0433142,23.2042023907416,0.786,0.853,-0.148,38.678,356.844,6.227
2414214,0.043822,23.2480243924074,0.786,0.853,-0.148,38.791,356.735,6.036
2414224,0.0508346,23.2988589922898,0.786,0.852,-0.148,38.945,356.544,5.806
2414232,0.0462076,23.3450665916316,0.786,0.852,-0.147,39.106,356.404,5.677
2414240,0.0386805,23.3837470929138,0.787,0.852,-0.147,39.201,356.259,5.586
2414248,0.0430914,23.4268384943716,0.787,0.851,-0.146,39.512,356.179,5.514
2414258,0.042854,23.4696924942546,0.788,0.850,-0.146,39.724,356.136,5.443
2414266,0.0471892,23.5168816926889,0.789,0.850,-0.146,39.921,356.191,5.432
2414276,0.0412539,23.5581355909817,0.790,0.849,-0.146,40.083,356.286,5.462
2414286,0.0509585,23.6090940902941,0.791,0.849,-0.146,40.161,356.310,5.415
2414294,0.0391243,23.6482183891349,0.792,0.849,-0.146,40.175,356.378,5.425
2414302,0.0499232,23.6981415892951,0.792,0.849,-0.146,40.297,356.330,5.362
2414312,0.0400361,23.7381776901893,0.793,0.848,-0.146,40.456,356.265,5.293
2414320,0.0453021,23.7834797906689,0.793,0.848,-0.146,40.657,356.185,5.293
2414330,0.043629,23.827108792495,0.793,0.847,-0.146,40.809,356.121,5.338
2414338,0.0458031,23.8729118923657,0.793,0.847,-0.146,40.923,356.029,5.362
2414348,0.0461414,23.9190532932989,0.793,0.846,-0.146,41.017,355.919,5.418
2414356,0.0423623,23.9614155921154,0.792,0.846,-0.146,41.124,355.821,5.492
2414366,0.0388817,24.0002972926013,0.791,0.846,-0.146,41.200,355.705,5.581
2414374,0.0518245,24.052121791523,0.790,0.845,-0.146,41.330,355.499,5.655
2414382,0.0446017,24.096723492723,0.789,0.845,-0.146,41.408,355.323,5.716
2414392,0.0426357,24.1393591943197,0.788,0.845,-0.146,41.470,355.160,5.800
2414400,0.0477732,24.1871323953383,0.787,0.845,-0.147,41.525,355.056,5.892
2414410,0.0423529,24.2294852952473,0.786,0.845,-0.147,41.567,355.049,6.078
2414418,0.0442282,24.2737134951167,0.785,0.845,-0.147,41.571,355.023,6.225
2414428,0.0447879,24.3185013937764,0.784,0.845,-0.147,41.557,355.014,6.308
2414436,0.0429463,24.361447695177,0.784,0.845,-0.147,41.555,355.045,6.385
2414446,0.0430399,24.4044875944965,0.783,0.845,-0.147,41.624,355.081,6.444
2414454,0.0449362,24.4494237932377,0.783,0.845,-0.146,41.647,355.157,6.523
2414464,0.0460925,24.4955162922852,0.782,0.845,-0.146,41.643,355.258,6.587
2414472,0.0456645,24.5411807927303,0.782,0.845,-0.146,41.676,355.317,6.593
2414480,0.0496245,24.5908052916639,0.782,0.845,-0.145,41.649,355.371,6.595
2414488,0.0294789,24.6202841917984,0.781,0.845,-0.145,41.692,355.451,6.646
2414498,0.0541387,24.6744228932075,0.781,0.845,-0.145,41.687,355.508,6.669
2414506,0.0415406,24.715963493567,0.781,0.845,-0.144,41.755,355.528,6.659
2414516,0.0433173,24.7592807929032,0.781,0.845,-0.144,41.850,355.537,6.697
2414524,0.0435362,24.8028169940226,0.780,0.845,-0.144,41.906,355.538,6.757
2414532,0.0465462,24.8493631924503,0.779,0.845,-0.144,41.947,355.487,6.849
2414542,0.0389844,24.8883475917391,0.778,0.845,-0.144,41.974,355.404,6.964
2414552,0.0434421,24.9317896920256,0.778,0.845,-0.144,42.037,355.398,6.931
2414562,0.0507196,24.9825092921965,0.778,0.845,-0.145,42.024,355.541,7.018
2414570,0.0475673,25.030076592695,0.777,0.846,-0.146,41.888,355.709,7.222
2414578,0.0440071,25.0740836928599,0.777,0.846,-0.146,41.764,355.778,7.342
2414586,0.0442653,25.1183489928953,0.776,0.846,-0.147,41.740,355.796,7.365
2414594,0.0344427,25.152791693341,0.776,0.846,-0.148,41.656,355.821,7.436
2414604,0.0488485,25.2016401919536,0.775,0.846,-0.149,41.620,355.875,7.547
2414612,0.0458863,25.2475264924578,0.774,0.846,-0.149,41.583,355.902,7.670
2414622,0.0404018,25.2879282939248,0.773,0.846,-0.149,41.641,355.897,7.764
2414630,0.0493297,25.3372579957359,0.772,0.846,-0.150,41.692,355.914,7.820
2414640,0.0398116,25.3770695957355,0.772,0.846,-0.149,41.719,355.893,7.916
2414648,0.0498909,25.4269604939036,0.771,0.845,-0.150,41.882,355.873,8.075
2414658,0.0434857,25.4704461949877,0.770,0.845,-0.149,42.004,355.767,8.107
2414668,0.0437699,25.5142160947435,0.769,0.844,-0.149,42.109,355.625,8.037
2414676,0.0461976,25.5604136954062,0.769,0.843,-0.149,42.337,355.623,8.046
2414686,0.044295,25.6047086971812,0.769,0.843,-0.149,42.448,355.695,8.152
2414694,0.0457893,25.6504979985766,0.769,0.843,-0.149,42.544,355.762,8.207
2414702,0.0492447,25.6997427004389,0.769,0.842,-0.149,42.567,355.796,8.274
2414712,0.0402414,25.7399841020815,0.769,0.842,-0.150,42.524,355.779,8.268
2414720,0.0435223,25.7835064004175,0.769,0.843,-0.150,42.517,355.728,8.235
2414728,0.0469737,25.830480101984,0.769,0.843,-0.150,42.442,355.692,8.176
2414738,0.0405445,25.8710246006958,0.770,0.843,-0.150,42.441,355.664,8.073
2414748,0.0450195,25.9160441006534,0.770,0.843,-0.150,42.423,355.617,7.941
2414756,0.0472047,25.9632488000207,0.771,0.843,-0.151,42.387,355.631,7.883
2414760,0.043228,26.0064768004231,0.772,0.843,-0.151,42.350,355.647,7.811
2414768,0.0178964,26.0243732011877,0.772,0.843,-0.151,42.309,355.660,7.731
2414772,0.0537317,26.0781048997305,0.773,0.843,-0.151,42.273,355.661,7.616
2414784,0.0230447,26.1011495995335,0.775,0.843,-0.150,42.368,355.750,7.417
2414794,0.0486312,26.1497807982378,0.777,0.843,-0.150,42.356,355.826,7.346
2414802,0.0446216,26.1944023999386,0.778,0.843,-0.149,42.439,355.921,7.218
2414812,0.0445182,26.2389205987565,0.779,0.843,-0.149,42.537,356.128,7.196
2414820,0.0433482,26.2822687993757,0.781,0.842,-0.149,42.656,356.343,7.250
2414830,0.0440747,26.3263434986584,0.782,0.842,-0.148,42.684,356.454,7.240
2414838,0.0463017,26.3726451988332,0.783,0.842,-0.149,42.734,356.539,7.156
2414848,0.0427838,26.4154289993458,0.784,0.842,-0.148,42.714,356.570,7.036
2414856,0.0479011,26.4633301007561,0.785,0.842,-0.148,42.670,356.600,6.959
2414864,0.042798,26.5061281020753,0.786,0.842,-0.148,42.721,356.638,6.953
2414870,0.0436632,26.5497913020663,0.786,0.842,-0.148,42.711,356.638,6.952
2414878,0.0202343,26.5700256018899,0.787,0.842,-0.147,42.734,356.601,6.937
2414886,0.0451588,26.6151844016276,0.787,0.842,-0.147,42.729,356.541,6.868
2414892,0.043589,26.6587734012865,0.788,0.842,-0.147,42.752,356.423,6.753
2414896,0.0237452,26.6825186009519,0.788,0.842,-0.147,42.745,356.306,6.602
2414906,0.028988,26.7115066009574,0.788,0.843,-0.146,42.712,356.153,6.407
2414912,0.0585183,26.7700249026529,0.789,0.843,-0.145,42.606,356.075,6.232
2414922,0.0211442,26.7911691027693,0.790,0.845,-0.144,42.267,355.987,6.048
2414930,0.0704903,26.8616594034247,0.791,0.846,-0.143,42.006,355.930,5.760
2414938,0.0149966,26.876656003762,0.793,0.847,-0.143,41.894,356.129,5.405
2414950,0.0600221,26.9366781045683,0.798,0.849,-0.141,41.468,358.041,5.114
2414960,0.0466683,26.9833464031108,0.809,0.851,-0.138,40.739,2.137,6.084
2414972,0.0426527,27.0259991032071,0.821,0.853,-0.136,40.160,6.534,7.162
2414980,0.0568386,27.0828377050348,0.832,0.854,-0.134,40.014,9.561,7.575
2414988,0.0456773,27.1285150055774,0.841,0.855,-0.133,39.973,11.912,7.641
2414998,0.0420973,27.1706123058684,0.850,0.855,-0.132,39.917,13.693,7.534
2415006,0.0466717,27.217284005601,0.860,0.856,-0.130,39.858,15.389,7.437
2415016,0.0447203,27.2620043051429,0.868,0.856,-0.129,40.081,16.649,7.293
2415026,0.043275,27.3052793038078,0.876,0.855,-0.127,40.240,17.407,7.152
2415034,0.0456111,27.3508904022165,0.883,0.855,-0.124,40.509,17.962,6.950
2415046,0.0515042,27.4023946006782,0.889,0.854,-0.121,40.799,18.164,6.550
2415054,0.0487312,27.4511258010753,0.895,0.854,-0.117,41.149,18.224,6.167
2415064,0.0475533,27.4986791019328,0.899,0.853,-0.114,41.425,18.198,5.858
2415074,0.0509831,27.5496622030623,0.903,0.853,-0.110,41.507,18.095,5.653
2415082,0.0465042,27.5961664025672,0.907,0.852,-0.106,41.777,17.995,5.549
2415092,0.0417521,27.637918502558,0.911,0.851,-0.101,42.018,17.865,5.499
2415100,0.0439613,27.681879804004,0.914,0.850,-0.096,42.237,17.649,5.502
2415110,0.043491,27.7253708024509,0.917,0.850,-0.090,42.536,17.409,5.546
2415118,0.045751,27.7711218041368,0.920,0.849,-0.085,42.882,17.185,5.675
2415128,0.0499335,27.8210553047247,0.923,0.848,-0.079,43.221,16.910,5.757
2415136,0.0405017,27.8615570035763,0.925,0.848,-0.074,43.347,16.573,5.828
2415144,0.0433747,27.9049317021854,0.927,0.848,-0.069,43.409,16.263,5.929
2415154,0.0454826,27.9504143004306,0.929,0.848,-0.065,43.535,15.931,6.010
2415164,0.043516,27.9939302993007,0.931,0.847,-0.061,43.483,15.571,6.064
2415172,0.0480029,28.0419331979938,0.932,0.847,-0.057,43.699,15.216,6.154
2415182,0.0414695,28.0834026974626,0.934,0.847,-0.054,43.846,14.803,6.178
2415190,0.0530315,28.1364341978915,0.935,0.846,-0.051,43.900,14.436,6.134
2415198,0.03763,28.1740641971119,0.935,0.846,-0.049,44.007,14.263,6.161
2415202,0.0436274,28.2176915970631,0.936,0.846,-0.047,44.082,14.169,6.217
2415208,0.0250851,28.2427766979672,0.937,0.846,-0.045,44.160,14.109,6.302
2415216,0.0206919,28.2634685975499,0.937,0.846,-0.044,44.388,14.022,6.425
2415222,0.0545581,28.3180266958661,0.937,0.846,-0.043,44.648,13.799,6.569
2415232,0.0190588,28.3370854952373,0.938,0.846,-0.041,44.451,13.445,6.447
2415240,0.0512662,28.3883516960777,0.938,0.845,-0.041,44.515,13.235,6.416
2415250,0.0393754,28.4277270943858,0.938,0.844,-0.042,44.774,13.086,6.352
2415258,0.0485207,28.4762477935292,0.939,0.844,-0.043,44.987,13.104,6.324
2415266,0.0426824,28.5189301953651,0.939,0.843,-0.044,45.063,13.175,6.224
2415276,0.0394657,28.55839589471,0.940,0.844,-0.046,44.990,13.260,6.111
2415284,0.0470217,28.6054175929166,0.940,0.844,-0.049,44.871,13.336,6.023
2415294,0.0442447,28.6496622920968,0.940,0.844,-0.051,44.709,13.451,6.003
2415302,0.0425355,28.6921977908351,0.939,0.845,-0.054,44.523,13.479,5.916
2415312,0.0464329,28.7386306920089,0.938,0.845,-0.058,44.409,13.480,5.825
2415322,0.0513441,28.7899747923948,0.938,0.846,-0.061,44.239,13.541,5.706
2415332,0.0484652,28.8384399921633,0.937,0.846,-0.065,44.119,13.596,5.608
2415340,0.053537,28.891976992134,0.936,0.846,-0.068,44.056,13.708,5.545
2415350,0.0336482,28.9256251924671,0.936,0.846,-0.071,44.013,13.842,5.527
2415358,0.04707,28.9726951927878,0.935,0.846,-0.074,43.960,14.010,5.585
2415368,0.0481653,29.0208604917862,0.934,0.846,-0.077,43.965,14.195,5.679
2415376,0.041478,29.0623384923674,0.934,0.846,-0.079,44.006,14.276,5.728
2415380,0.0462063,29.108544791583,0.933,0.845,-0.081,44.079,14.329,5.746
2415388,0.0158698,29.1244145915844,0.933,0.845,-0.082,44.135,14.347,5.717
2415392,0.0473668,29.1717813932337,0.932,0.845,-0.084,44.161,14.343,5.648
2415400,0.0135359,29.1853172932751,0.932,0.845,-0.086,44.226,14.325,5.574
2415406,0.0535622,29.2388794948347,0.932,0.845,-0.087,44.300,14.336,5.506
2415416,0.0211861,29.2600655951537,0.931,0.844,-0.089,44.347,14.346,5.438
2415422,0.0592967,29.3193622962572,0.930,0.844,-0.091,44.422,14.377,5.387
2415432,0.018841,29.338203296531,0.930,0.844,-0.093,44.415,14.410,5.364
2415438,0.0571592,29.3953624968417,0.929,0.844,-0.095,44.529,14.383,5.364
2415448,0.0247946,29.4201570977457,0.927,0.844,-0.097,44.638,14.250,5.258
2415456,0.0500797,29.4702367973514,0.927,0.843,-0.099,44.642,14.176,5.165
2415466,0.0434831,29.5137198981829,0.926,0.843,-0.101,44.778,14.237,5.188
2415474,0.0440694,29.5577892963775,0.925,0.843,-0.103,44.879,14.300,5.171
2415484,0.0406755,29.5984647949226,0.924,0.844,-0.104,44.827,14.455,5.165
2415492,0.0483027,29.6467674938031,0.923,0.844,-0.105,44.794,14.620,5.276
2415502,0.0411771,29.6879445952363,0.922,0.844,-0.105,44.837,14.774,5.433
2415512,0.0507378,29.7386823934503,0.920,0.843,-0.106,44.936,14.845,5.540
2415522,0.0465404,29.785222791601,0.919,0.843,-0.106,44.995,14.870,5.618
2415530,0.050132,29.8353547905572,0.919,0.843,-0.106,44.938,14.813,5.647
2415540,0.0469574,29.8823121902533,0.918,0.843,-0.106,44.938,14.763,5.699
2415550,0.0467379,29.9290500883944,0.917,0.843,-0.107,44.922,14.700,5.715
2415558,0.0468341,29.9758841884322,0.916,0.843,-0.107,44.832,14.634,5.635
2415568,0.0430672,30.018951386679,0.916,0.844,-0.108,44.706,14.599,5.505
2415574,0.0437076,30.062658988405,0.916,0.844,-0.108,44.630,14.616,5.426
2415584,0.0395829,30.102241889108,0.916,0.844,-0.109,44.578,14.643,5.360
2415594,0.0472519,30.1494937879033,0.916,0.844,-0.109,44.482,14.703,5.280
2415602,0.0455614,30.1950551872142,0.916,0.844,-0.109,44.455,14.781,5.228
2415612,0.0413554,30.2364105884917,0.916,0.844,-0.110,44.495,14.839,5.107
2415620,0.047016,30.2834265870042,0.916,0.844,-0.110,44.384,15.034,5.079
2415630,0.0457223,30.3291488853283,0.917,0.844,-0.111,44.219,15.379,5.141
2415638,0.0452164,30.3743652855046,0.917,0.844,-0.111,44.097,15.696,5.163
2415646,0.0422832,30.4166484852321,0.918,0.844,-0.112,43.999,15.962,5.053
2415656,0.0449867,30.4616351840086,0.919,0.844,-0.112,44.040,16.215,4.965
2415664,0.0437694,30.5054045845754,0.920,0.844,-0.113,43.978,16.403,4.855
2415674,0.0426674,30.5480719846673,0.922,0.845,-0.113,43.993,16.612,4.727
2415680,0.049942,30.5980139863677,0.922,0.845,-0.113,44.012,16.781,4.646
2415686,0.0293171,30.6273310859688,0.923,0.845,-0.113,43.948,16.928,4.572
2415694,0.035759,30.6630900842138,0.924,0.846,-0.113,43.804,17.082,4.559
2415700,0.0424756,30.7055656840093,0.925,0.846,-0.114,43.653,17.273,4.557
2415708,0.0157157,30.7212813836522,0.926,0.846,-0.114,43.490,17.485,4.576
2415712,0.0513034,30.7725847852416,0.926,0.846,-0.114,43.447,17.698,4.576
2415718,0.01465,30.7872347855009,0.927,0.846,-0.114,43.320,17.869,4.531
2415732,0.0569079,30.8441426851787,0.928,0.846,-0.115,43.338,18.228,4.612
2415740,0.042863,30.887005685363,0.929,0.846,-0.115,43.532,18.504,4.783
2415750,0.0408381,30.9278437853791,0.929,0.845,-0.115,43.555,18.578,4.859
2415758,0.0441592,30.9720029854216,0.929,0.845,-0.115,43.685,18.444,4.773
2415766,0.0472836,31.0192865864374,0.929,0.845,-0.115,43.832,18.235,4.607
2415776,0.0390048,31.0582913854159,0.930,0.845,-0.115,43.615,18.157,4.505
2415784,0.0495081,31.1077994839288,0.930,0.845,-0.115,43.684,18.151,4.531
2415794,0.0412714,31.1490708836354,0.930,0.845,-0.116,43.665,18.070,4.535
2415802,0.0443055,31.1933763832785,0.930,0.845,-0.116,43.776,18.021,4.537
2415812,0.0412129,31.2345892847516,0.930,0.845,-0.116,43.700,17.906,4.473
2415820,0.0486334,31.2832226851024,0.930,0.845,-0.116,43.786,18.056,4.622
2415830,0.045253,31.3284756862558,0.929,0.844,-0.116,43.947,18.028,4.770
2415838,0.0495821,31.3780577876605,0.929,0.844,-0.117,44.236,17.997,4.809
2415848,0.0410302,31.4190879859962,0.929,0.844,-0.117,44.108,17.946,4.783
2415856,0.0457174,31.4648053855635,0.928,0.844,-0.117,43.936,17.917,4.792
2415866,0.0459047,31.5107100852765,0.928,0.844,-0.118,44.008,17.932,4.867
2415874,0.0465745,31.5572845847346,0.928,0.844,-0.118,43.999,17.955,4.844
2415884,0.0454795,31.6027640835382,0.927,0.843,-0.119,44.015,17.940,4.787
2415894,0.0484206,31.6511846841313,0.927,0.843,-0.119,44.215,18.006,4.831
2415902,0.0441266,31.6953112841584,0.927,0.843,-0.120,44.232,17.999,4.837
2415910,0.0439798,31.739291085396,0.927,0.844,-0.120,43.910,17.923,4.772
2415920,0.0431969,31.782487987075,0.926,0.844,-0.121,44.178,17.859,4.711
2415930,0.0441801,31.8266680859961,0.926,0.844,-0.121,44.095,17.738,4.662
2415938,0.0486373,31.8753053867258,0.925,0.843,-0.121,44.123,17.654,4.612
2415946,0.0443019,31.9196072877385,0.924,0.844,-0.122,44.176,17.609,4.696
2415952,0.0457198,31.9653270863928,0.924,0.844,-0.122,43.974,17.625,4.782
2415962,0.0342677,31.9995947876014,0.923,0.844,-0.122,43.940,17.645,4.875
2415966,0.0368149,32.0364096858539,0.923,0.844,-0.123,44.028,17.637,4.929
2415974,0.0179332,32.054342885036,0.922,0.844,-0.123,44.032,17.553,4.951
2415980,0.05308,32.1074228850193,0.922,0.844,-0.123,43.908,17.495,4.970
2415992,0.0402615,32.1476843846031,0.921,0.845,-0.124,43.700,17.444,4.993
2416000,0.0343152,32.181999583263,0.921,0.845,-0.124,43.606,17.396,5.026
2416010,0.0492551,32.2312546824105,0.920,0.845,-0.124,43.483,17.326,5.013
2416018,0.0433777,32.2746323836036,0.919,0.846,-0.124,43.429,17.269,5.063
2416026,0.0427975,32.3174298820086,0.919,0.846,-0.124,43.418,17.250,5.175
2416034,0.0455956,32.3630254832096,0.918,0.846,-0.124,43.374,17.215,5.324
2416044,0.0423872,32.4054126818664,0.917,0.847,-0.124,43.244,17.132,5.423
2416054,0.0437671,32.4491797802038,0.916,0.847,-0.124,43.093,17.035,5.501
2416064,0.0457543,32.4949340787716,0.916,0.847,-0.124,43.139,17.079,5.604
2416072,0.0504542,32.5453882780857,0.915,0.847,-0.124,43.174,17.175,5.728
2416080,0.0389161,32.5843043779023,0.914,0.847,-0.124,43.221,17.251,5.944
2416092,0.045832,32.6301363785751,0.913,0.847,-0.124,43.141,17.228,6.031
2416100,0.0529919,32.6831282791682,0.912,0.847,-0.123,43.061,17.191,6.135
2416110,0.0458272,32.7289554779418,0.911,0.848,-0.123,42.892,17.114,6.143
2416118,0.0485613,32.7775167790242,0.910,0.848,-0.123,42.933,16.989,6.141
2416126,0.0403163,32.8178330776282,0.910,0.848,-0.122,42.843,16.897,6.124
2416136,0.0422212,32.8600542773493,0.909,0.848,-0.122,42.987,16.922,6.196
2416144,0.0458485,32.9059027773328,0.908,0.848,-0.121,43.017,16.990,6.298
2416154,0.0438922,32.949794978369,0.907,0.848,-0.121,42.919,16.978,6.355
2416160,0.04402,32.9938149792142,0.906,0.848,-0.120,42.946,16.904,6.447
2416170,0.0409582,33.0347731788643,0.905,0.848,-0.119,42.742,16.692,6.449
2416178,0.0458396,33.0806127791293,0.903,0.849,-0.119,42.613,16.390,6.413
2416188,0.0451066,33.1257193800993,0.901,0.849,-0.119,42.706,16.098,6.462
2416198,0.0440177,33.1697370787151,0.899,0.849,-0.118,42.469,15.811,6.493
2416206,0.048895,33.2186320801266,0.896,0.849,-0.118,42.414,15.559,6.593
2416216,0.0398727,33.2585047786124,0.895,0.849,-0.118,42.581,15.489,6.960
2416224,0.046833,33.3053377796896,0.893,0.849,-0.118,42.525,15.463,7.213
2416234,0.0468955,33.3522332799621,0.892,0.849,-0.117,42.264,15.286,7.256
2416242,0.0444976,33.39673088165,0.890,0.850,-0.118,42.287,15.214,7.330
2416252,0.0371331,33.4338639830239,0.889,0.850,-0.118,42.155,15.183,7.437
2416260,0.0514566,33.4853205834515,0.888,0.850,-0.118,42.348,15.073,7.491
2416268,0.0437228,33.529043384362,0.887,0.850,-0.117,42.308,14.815,7.447
2416278,0.0458403,33.5748836849816,0.885,0.850,-0.117,42.246,14.488,7.320
2416286,0.041024,33.6159076844342,0.884,0.850,-0.117,42.393,14.289,7.318
2416296,0.0473784,33.6632860829122,0.883,0.850,-0.117,42.424,14.049,7.346
2416304,0.0426296,33.7059156824835,0.881,0.850,-0.116,42.237,13.833,7.344
2416314,0.0461825,33.7520981808193,0.880,0.850,-0.117,42.302,13.595,7.336
2416322,0.0430249,33.79512308212,0.879,0.850,-0.117,42.306,13.378,7.324
2416330,0.0453948,33.8405178827234,0.877,0.850,-0.118,42.167,13.206,7.333
2416340,0.0460093,33.8865271811374,0.876,0.851,-0.119,41.933,12.986,7.439
2416348,0.0437729,33.9303000797518,0.874,0.851,-0.119,41.905,12.629,7.372
2416358,0.045191,33.9754910808988,0.872,0.851,-0.120,41.833,12.257,7.219
2416366,0.0449772,34.020468280185,0.870,0.851,-0.121,41.742,11.916,7.097
2416374,0.0328105,34.0532787819393,0.869,0.851,-0.122,41.739,11.740,7.096
2416384,0.048069,34.1013477821834,0.867,0.851,-0.123,41.691,11.572,7.156
2416392,0.0453783,34.1467260834761,0.865,0.852,-0.123,41.655,11.502,7.326
2416400,0.0458245,34.1925505851395,0.863,0.852,-0.123,41.639,11.336,7.422
2416412,0.0438899,34.2364404839464,0.860,0.851,-0.123,41.690,11.085,7.514
2416420,0.0488015,34.2852419842966,0.857,0.851,-0.124,41.725,10.788,7.640
2416428,0.0483417,34.3335836832412,0.855,0.851,-0.124,41.756,10.421,7.744
2416436,0.0437401,34.3773237843998,0.852,0.851,-0.124,41.740,9.984,7.705
2416446,0.0375472,34.414870985318,0.849,0.851,-0.124,41.743,9.509,7.577
2416456,0.0479706,34.4628415857442,0.847,0.851,-0.125,41.810,9.112,7.479
2416464,0.0428827,34.5057242852636,0.845,0.851,-0.125,41.775,8.843,7.431
2416474,0.0451506,34.5508748856373,0.843,0.851,-0.125,41.707,8.671,7.425
2416482,0.0450757,34.5959505853243,0.842,0.852,-0.125,41.536,8.571,7.463
2416492,0.0380151,34.6339656864293,0.840,0.852,-0.126,41.437,8.478,7.454
2416500,0.0514926,34.6854582880624,0.839,0.852,-0.126,41.445,8.351,7.404
2416508,0.0446474,34.7301056873985,0.837,0.852,-0.126,41.509,8.255,7.377
2416518,0.0412548,34.7713604872115,0.836,0.851,-0.126,41.547,8.172,7.403
2416526,0.0480107,34.8193711866625,0.834,0.851,-0.126,41.575,8.102,7.457
2416536,0.0423191,34.8616902870126,0.833,0.851,-0.126,41.679,7.983,7.474
2416544,0.0432245,34.9049147856422,0.832,0.851,-0.126,41.670,7.868,7.476
2416552,0.0437225,34.9486372848041,0.831,0.851,-0.126,41.607,7.729,7.460
2416562,0.0443575,34.9929947857745,0.830,0.851,-0.126,41.531,7.603,7.453
2416572,0.0470369,35.0400316868909,0.829,0.851,-0.126,41.527,7.531,7.450
2416580,0.0437989,35.0838305880316,0.829,0.851,-0.127,41.475,7.482,7.492
2416588,0.0440546,35.127885189373,0.828,0.851,-0.127,41.464,7.392,7.518
2416596,0.0454136,35.1732987877913,0.828,0.851,-0.128,41.449,7.190,7.433
2416606,0.0404391,35.2137378868647,0.828,0.851,-0.129,41.412,6.975,7.306
2416616,0.0489349,35.2626727861352,0.827,0.851,-0.129,41.361,6.845,7.250
2416624,0.042407,35.30507978471,0.827,0.852,-0.130,41.339,6.756,7.215
2416634,0.0448527,35.3499324847944,0.827,0.852,-0.130,41.323,6.686,7.224
2416640,0.0441699,35.3941023838706,0.827,0.852,-0.130,41.235,6.594,7.185
2416650,0.0446313,35.4387336825021,0.826,0.852,-0.130,41.208,6.435,7.094
2416660,0.0444194,35.483153082896,0.826,0.852,-0.131,41.281,6.233,6.968
2416668,0.0409252,35.5240782839246,0.825,0.852,-0.131,41.313,5.953,6.803
2416676,0.0478785,35.5719567839988,0.824,0.852,-0.131,41.410,5.420,6.547
2416686,0.0453292,35.61728598224,0.823,0.851,-0.131,41.585,4.583,6.101
2416696,0.0443739,35.6616598819382,0.821,0.851,-0.131,41.822,3.722,5.657
2416704,0.045639,35.7072988827713,0.819,0.851,-0.131,42.040,2.903,5.184
2416712,0.0418551,35.7491539833136,0.818,0.850,-0.131,42.275,2.164,4.895
2416720,0.0444593,35.7936132815667,0.816,0.850,-0.130,42.411,1.654,4.684
2416732,0.03843,35.8320432831533,0.815,0.850,-0.130,42.539,1.259,4.531
2416740,0.0540815,35.8861247827299,0.814,0.850,-0.130,42.561,0.985,4.525
2416748,0.0426839,35.9288086821325,0.813,0.850,-0.130,42.353,0.807,4.508
2416756,0.0430983,35.9719069828279,0.811,0.850,-0.130,42.453,0.690,4.582
2416766,0.0432304,36.0151373823173,0.811,0.850,-0.130,42.611,0.723,4.700
2416774,0.0450858,36.0602231812663,0.810,0.850,-0.131,42.458,0.698,4.793
2416784,0.0432636,36.1034867805429,0.809,0.850,-0.131,42.469,0.722,4.844
2416794,0.044905,36.1483917799778,0.808,0.850,-0.132,42.472,0.744,4.892
2416802,0.0473873,36.1957790781744,0.808,0.850,-0.132,42.403,0.773,4.937
2416812,0.0448181,36.2405971777625,0.807,0.850,-0.132,42.465,0.813,4.975
2416820,0.0478061,36.2884032768197,0.807,0.850,-0.133,42.586,0.828,5.021
2416828,0.0387253,36.3271285784431,0.806,0.849,-0.133,42.721,0.786,5.077
2416836,0.0376199,36.3647484784015,0.805,0.849,-0.134,42.742,0.689,5.083
2416846,0.0492464,36.4139948789962,0.804,0.849,-0.134,42.718,0.587,5.073
2416856,0.0499288,36.4639236782677,0.803,0.849,-0.135,42.665,0.513,5.098
2416864,0.0425729,36.5064965789206,0.803,0.849,-0.136,42.684,0.384,5.050
2416872,0.0371985,36.5436950777657,0.802,0.849,-0.136,42.621,0.215,4.992
2416882,0.0506802,36.5943752792664,0.802,0.849,-0.137,42.665,359.983,4.865
2416890,0.0439485,36.6383237806149,0.801,0.849,-0.138,42.782,359.796,4.766
2416900,0.0446851,36.6830088798888,0.800,0.849,-0.138,42.837,359.628,4.723
2416908,0.0439302,36.7269390788861,0.800,0.849,-0.138,42.822,359.485,4.719
2416918,0.0416166,36.7685556788929,0.799,0.849,-0.139,42.879,359.399,4.711
2416926,0.0500627,36.818618379999,0.799,0.849,-0.139,42.959,359.336,4.714
2416934,0.0449925,36.8636108790524,0.798,0.848,-0.139,43.057,359.285,4.737
2416944,0.0404991,36.9041099776514,0.798,0.848,-0.140,43.110,359.180,4.737
2416954,0.0440652,36.9481751774438,0.797,0.848,-0.140,43.194,359.050,4.727
2416960,0.0482539,36.9964290787466,0.797,0.848,-0.140,43.301,358.901,4.719
2416970,0.0362386,37.0326676783152,0.796,0.847,-0.140,43.377,358.732,4.677
2416980,0.0509652,37.0836328794248,0.795,0.847,-0.140,43.425,358.577,4.681
2416988,0.0455037,37.1291365777142,0.794,0.847,-0.140,43.371,358.463,4.689
2416998,0.0436426,37.1727791768499,0.794,0.848,-0.140,43.345,358.381,4.726
2417006,0.0461648,37.2189439763315,0.793,0.847,-0.140,43.349,358.362,4.851
2417016,0.0416959,37.2606398765929,0.792,0.848,-0.140,43.310,358.305,4.966
2417024,0.0484423,37.309082177002,0.791,0.848,-0.140,43.295,358.219,5.035
2417032,0.0380643,37.3471464780159,0.790,0.848,-0.139,43.251,358.122,5.126
2417042,0.0470407,37.3941871789284,0.789,0.848,-0.139,43.234,358.060,5.200
2417052,0.048492,37.4426791784354,0.788,0.848,-0.139,43.189,358.073,5.347
2417058,0.0467412,37.4894203771837,0.788,0.848,-0.139,43.175,358.085,5.479
2417064,0.0428409,37.532261278946,0.787,0.848,-0.139,43.135,358.125,5.590
2417070,0.0202811,37.5525423795916,0.787,0.848,-0.139,43.102,358.165,5.672
2417076,0.0288852,37.5814275802113,0.786,0.848,-0.139,43.055,358.209,5.781
2417084,0.0350877,37.6165152811445,0.786,0.848,-0.139,43.042,358.272,5.890
2417092,0.0292403,37.6457555820234,0.786,0.849,-0.139,42.965,358.350,5.987
2417098,0.0600857,37.7058412809856,0.786,0.849,-0.139,42.759,358.542,6.061
2417108,0.0214819,37.7273231805302,0.786,0.850,-0.139,42.542,358.711,6.205
2417116,0.0602647,37.7875878796913,0.786,0.851,-0.139,41.699,358.614,6.228
2417124,0.0413516,37.8289394811727,0.786,0.852,-0.139,41.726,358.402,6.103
2417132,0.0350922,37.8640316822566,0.786,0.851,-0.140,41.781,358.125,5.837
2417140,0.0231941,37.8872257829644,0.786,0.850,-0.141,42.401,357.929,5.721
2417150,0.0452817,37.9325074837543,0.786,0.850,-0.142,42.726,357.731,5.467
2417158,0.0444286,37.9769360856153,0.785,0.850,-0.143,42.106,357.070,4.907
2417168,0.0405158,38.0174518846907,0.784,0.851,-0.144,42.134,356.196,3.926
2417176,0.0511785,38.0686303847469,0.784,0.851,-0.145,41.979,355.937,3.851
2417186,0.0438537,38.1124840849079,0.783,0.851,-0.146,42.106,355.921,4.049
2417196,0.0447699,38.1572539866902,0.782,0.850,-0.147,42.528,356.085,4.561
2417204,0.0486837,38.2059376859106,0.782,0.849,-0.147,42.518,356.047,4.671
2417216,0.0457403,38.2516779848374,0.781,0.849,-0.148,42.552,355.831,4.606
2417224,0.0546084,38.3062863857485,0.780,0.849,-0.148,42.681,355.702,4.667
2417236,0.0455183,38.3518046871759,0.780,0.849,-0.149,42.855,355.208,4.401
2417244,0.0555255,38.4073301875032,0.779,0.850,-0.149,42.616,354.821,4.079
2417254,0.0460115,38.4533416875638,0.779,0.850,-0.150,42.580,354.632,3.905
2417262,0.0453164,38.4986580857076,0.780,0.850,-0.151,42.569,354.753,4.026
2417270,0.0452289,38.5438869842328,0.780,0.849,-0.151,42.601,354.946,4.200
2417274,0.0435311,38.5874180854298,0.780,0.849,-0.152,42.784,355.115,4.311
2417282,0.0135747,38.6009927853011,0.781,0.848,-0.152,43.103,355.267,4.400
2417286,0.0488161,38.649808885064,0.781,0.848,-0.152,43.374,355.329,4.420
2417294,0.0221788,38.6719876858406,0.780,0.847,-0.152,43.459,355.401,4.485
2417298,0.027042,38.6990296854638,0.780,0.847,-0.153,43.468,355.457,4.523
2417308,0.0339462,38.732975886669,0.780,0.847,-0.153,43.412,355.491,4.592
2417318,0.0608879,38.7938637859188,0.779,0.847,-0.153,43.234,355.561,4.729
2417324,0.0363988,38.8302625841461,0.779,0.847,-0.153,43.305,355.570,4.803
2417332,0.0162981,38.8465606844984,0.778,0.847,-0.153,43.371,355.501,4.819
2417342,0.0486224,38.895183084067,0.778,0.846,-0.153,43.585,355.381,4.736
2417352,0.0488813,38.9440643838607,0.778,0.845,-0.153,43.885,355.322,4.597
2417358,0.0418844,38.9859487838112,0.778,0.844,-0.153,44.377,355.383,4.478
2417368,0.0390485,39.0249972841702,0.778,0.843,-0.153,44.603,355.603,4.490
2417378,0.0478174,39.0728146857582,0.778,0.843,-0.153,44.624,355.761,4.479
2417386,0.0438291,39.1166437841021,0.779,0.843,-0.153,44.563,355.891,4.506
2417396,0.0451963,39.1618400826119,0.779,0.844,-0.153,44.466,355.937,4.547
2417406,0.0479933,39.2098333812319,0.778,0.844,-0.153,44.374,355.887,4.526
2417416,0.0498866,39.259719980415,0.778,0.844,-0.153,44.311,355.781,4.471
2417426,0.049447,39.3091669804417,0.777,0.844,-0.153,44.354,355.743,4.479
2417436,0.0489717,39.3581386818551,0.777,0.844,-0.153,44.349,355.749,4.542
2417444,0.0468408,39.4049794836901,0.776,0.844,-0.153,44.409,355.764,4.595
2417452,0.0447748,39.4497542842291,0.776,0.844,-0.153,44.462,355.833,4.683
2417458,0.043583,39.4933372824453,0.776,0.843,-0.153,44.504,355.909,4.731
2417466,0.0306083,39.5239455825649,0.775,0.843,-0.153,44.545,355.990,4.789
2417470,0.0463347,39.5702802813612,0.775,0.843,-0.153,44.545,356.070,4.839
2417482,0.0066221,39.5769023811445,0.775,0.843,-0.152,44.526,356.208,4.881
2417490,0.0659025,39.6428048824891,0.775,0.843,-0.152,44.560,356.244,4.855
2417500,0.0422232,39.6850280826911,0.775,0.843,-0.152,44.512,356.308,4.879
2417508,0.0429918,39.7280198810622,0.776,0.843,-0.152,44.545,356.378,4.918
2417516,0.0442266,39.7722464827821,0.776,0.843,-0.153,44.540,356.339,4.843
2417526,0.0439731,39.8162195822224,0.776,0.843,-0.153,44.502,356.281,4.710
2417536,0.045297,39.8615165827796,0.777,0.843,-0.153,44.495,356.277,4.616
2417544,0.0450866,39.906603182666,0.778,0.843,-0.153,44.463,356.307,4.623
2417552,0.0432436,39.9498467808589,0.778,0.844,-0.153,44.436,356.310,4.613
2417562,0.0449453,39.9947920804843,0.778,0.844,-0.154,44.402,356.223,4.518
2417572,0.0463014,40.0410934789106,0.779,0.844,-0.154,44.398,356.126,4.396
2417582,0.0501466,40.0912400772795,0.779,0.844,-0.154,44.346,356.071,4.335
2417590,0.0468905,40.1381305782124,0.780,0.844,-0.154,44.379,356.101,4.340
2417598,0.0444206,40.1825511781499,0.780,0.844,-0.154,44.322,356.080,4.275
2417608,0.0417193,40.2242704769596,0.781,0.844,-0.154,44.261,356.042,4.173
2417618,0.0487316,40.2730020759627,0.781,0.845,-0.154,44.211,356.009,4.064
2417626,0.0443933,40.3173953769729,0.782,0.845,-0.155,44.178,356.024,4.017
2417636,0.0439911,40.3613864770159,0.782,0.845,-0.155,44.158,356.040,3.968
2417644,0.0466438,40.4080302780494,0.782,0.845,-0.155,44.128,356.075,3.939
2417652,0.0392981,40.4473283765838,0.783,0.845,-0.155,44.064,356.129,3.841
2417662,0.047497,40.494825377129,0.784,0.846,-0.154,43.910,356.262,3.638
2417670,0.0439432,40.5387685773894,0.785,0.847,-0.154,43.740,356.623,3.342
2417678,0.0471282,40.5858967779204,0.788,0.848,-0.153,43.527,357.270,3.122
2417688,0.0398132,40.6257099760696,0.791,0.849,-0.152,43.275,358.331,2.891
2417698,0.0455651,40.6712750745937,0.796,0.849,-0.150,42.943,0.099,2.918
2417706,0.0434448,40.7147198757157,0.804,0.850,-0.149,42.584,2.697,3.291
2417716,0.0485797,40.7632995760068,0.812,0.851,-0.148,42.232,5.727,3.875
2417722,0.0445971,40.8078966764733,0.821,0.852,-0.147,42.006,8.628,4.339
2417732,0.0431496,40.8510462781414,0.830,0.852,-0.145,41.810,11.404,4.731
2417742,0.0452546,40.8963008774444,0.839,0.852,-0.144,41.718,13.922,4.957
2417752,0.0441148,40.9404156757519,0.848,0.853,-0.143,41.623,16.180,5.106
2417760,0.0465344,40.9869500761852,0.857,0.853,-0.142,41.525,18.033,5.099
2417768,0.0428068,41.02975687664,0.865,0.853,-0.140,41.557,19.551,4.983
2417776,0.0411102,41.0708670755848,0.873,0.854,-0.138,41.557,20.682,4.787
2417786,0.0449667,41.115833777003,0.880,0.854,-0.136,41.630,21.542,4.554
2417796,0.0513435,41.1671772776172,0.887,0.853,-0.134,41.825,22.166,4.241
2417804,0.0384444,41.2056216774508,0.894,0.853,-0.132,42.032,22.475,3.811
2417814,0.0446009,41.2502225777134,0.900,0.852,-0.130,42.252,22.590,3.350
2417820,0.0465627,41.2967852791771,0.905,0.852,-0.127,42.499,22.687,3.028
2417830,0.0402293,41.3370145773515,0.910,0.852,-0.125,42.630,22.638,2.631
2417840,0.0479338,41.3849483756348,0.916,0.851,-0.121,42.726,22.550,2.280
2417848,0.0437745,41.4287228761241,0.921,0.851,-0.118,42.870,22.419,1.967
2417858,0.0470165,41.4757393775508,0.926,0.851,-0.114,43.023,22.332,1.761
2417866,0.0427466,41.5184859773144,0.931,0.851,-0.110,43.198,22.320,1.655
2417876,0.0430077,41.5614936789498,0.936,0.851,-0.106,43.352,22.267,1.574
2417884,0.0441356,41.6056292792782,0.940,0.850,-0.101,43.619,21.996,1.434
2417892,0.0469718,41.6526010809466,0.944,0.849,-0.097,43.938,21.690,1.328
2417902,0.0431141,41.6957151805982,0.947,0.849,-0.093,44.154,21.363,1.281
2417910,0.0436755,41.7393906814978,0.951,0.848,-0.089,44.428,21.010,1.230
2417920,0.0435922,41.7829828811809,0.954,0.847,-0.086,44.675,20.633,1.144
2417928,0.0444912,41.8274740828201,0.957,0.846,-0.082,44.920,20.265,0.987
2417938,0.0466124,41.8740864833817,0.959,0.845,-0.079,45.180,20.011,0.876
2417946,0.0428863,41.9169727815315,0.962,0.844,-0.077,45.560,19.844,0.808
2417956,0.0427353,41.9597080824897,0.964,0.842,-0.075,45.954,19.706,0.764
2417964,0.049054,42.0087620830163,0.965,0.842,-0.074,46.201,19.557,0.672
2417972,0.039523,42.0482850847766,0.966,0.842,-0.073,46.247,19.488,0.657
2417982,0.0492068,42.0974918855354,0.966,0.841,-0.073,46.256,19.432,0.631
2417990,0.0391652,42.1366570843384,0.966,0.842,-0.073,46.188,19.366,0.586
2418000,0.0473419,42.1839989861473,0.965,0.842,-0.074,46.134,19.374,0.581
2418008,0.0444746,42.228473587893,0.964,0.842,-0.075,46.066,19.445,0.602
2418018,0.0424053,42.2708788877353,0.963,0.842,-0.076,45.969,19.592,0.696
2418026,0.0457041,42.3165829880163,0.962,0.842,-0.077,45.962,19.774,0.864
2418034,0.0450318,42.3616147888824,0.960,0.842,-0.078,45.984,19.929,0.974
2418044,0.0453125,42.4069272903726,0.958,0.842,-0.079,45.945,20.089,1.065
2418052,0.0442545,42.4511817907915,0.957,0.842,-0.081,45.994,20.211,1.116
2418062,0.0430746,42.49425639119,0.955,0.842,-0.082,46.128,20.324,1.157
2418070,0.0446291,42.5388854919001,0.954,0.841,-0.084,46.121,20.431,1.157
2418080,0.0457042,42.584589692764,0.953,0.841,-0.086,46.153,20.597,1.191
2418088,0.044403,42.6289926944301,0.952,0.842,-0.087,46.167,20.814,1.314
2418098,0.0446981,42.6736907949671,0.951,0.842,-0.088,46.068,20.941,1.364
2418106,0.0519927,42.725683494471,0.950,0.842,-0.089,46.034,20.953,1.397
2418114,0.0360303,42.7617137944326,0.949,0.842,-0.091,46.171,20.885,1.399
2418124,0.0436565,42.8053702926263,0.948,0.841,-0.092,46.338,20.796,1.371
2418132,0.043721,42.8490912942216,0.948,0.840,-0.093,46.464,20.750,1.367
2418142,0.0480878,42.8971790960059,0.948,0.840,-0.095,46.587,20.779,1.332
2418150,0.0443923,42.9415713949129,0.948,0.840,-0.097,46.558,20.905,1.347
2418160,0.0427755,42.9843468954787,0.948,0.840,-0.098,46.483,21.006,1.325
2418168,0.0442414,43.0285882940516,0.949,0.839,-0.099,46.619,21.087,1.270
2418176,0.0435367,43.0721249943599,0.950,0.838,-0.100,46.792,21.122,1.145
2418186,0.0439402,43.1160651957616,0.952,0.837,-0.100,46.996,21.159,1.019
2418196,0.0465734,43.1626385962591,0.953,0.836,-0.101,47.301,21.248,0.917
2418204,0.0450064,43.2076449980959,0.955,0.835,-0.101,47.611,21.317,0.786
2418212,0.0429788,43.2506237989292,0.957,0.833,-0.101,47.977,21.380,0.627
2418220,0.0406392,43.2912629982457,0.960,0.832,-0.101,48.336,21.396,0.487
2418230,0.0403921,43.3316550990567,0.962,0.830,-0.101,48.653,21.420,0.300
2418240,0.0509764,43.3826314983889,0.964,0.829,-0.101,48.913,21.423,0.112
2418248,0.045614,43.4282454987988,0.966,0.828,-0.101,49.130,21.411,359.938
2418256,0.0437054,43.4719508988783,0.968,0.827,-0.101,49.375,21.441,359.845
2418266,0.0432477,43.5151985986158,0.969,0.826,-0.100,49.571,21.429,359.751
2418274,0.0491132,43.5643117977306,0.971,0.825,-0.100,49.706,21.437,359.699
2418284,0.0439752,43.6082869982347,0.972,0.825,-0.099,49.741,21.440,359.699
2418292,0.0403553,43.6486422969028,0.973,0.825,-0.099,49.783,21.395,359.661
2418300,0.0378707,43.6865129983053,0.974,0.824,-0.098,49.810,21.248,359.541
2418310,0.0512334,43.7377463979647,0.975,0.824,-0.098,49.830,21.181,359.540
2418318,0.0440575,43.781803897582,0.976,0.824,-0.098,49.842,21.036,359.479
2418328,0.043558,43.8253618991002,0.976,0.824,-0.098,49.875,20.926,359.368
2418336,0.0460687,43.871430597268,0.977,0.825,-0.098,49.771,20.904,359.308
2418344,0.0408873,43.9123178971931,0.978,0.825,-0.098,49.695,20.960,359.300
2418354,0.0460599,43.9583777962253,0.979,0.825,-0.098,49.639,21.023,359.315
2418364,0.0473914,44.0057691959664,0.979,0.826,-0.099,49.553,21.002,359.197
2418372,0.0463781,44.0521472943947,0.980,0.826,-0.100,49.425,20.915,359.057
2418382,0.0405249,44.0926721943542,0.980,0.827,-0.101,49.346,20.873,358.938
2418390,0.0441605,44.136832694523,0.980,0.827,-0.101,49.200,20.867,358.864
2418400,0.0473494,44.1841820953414,0.980,0.828,-0.102,48.980,20.844,358.760
2418408,0.0461169,44.2302989950404,0.980,0.829,-0.103,48.849,20.858,358.761
2418418,0.0420549,44.2723538940772,0.980,0.829,-0.103,48.740,20.905,358.896
2418426,0.0458441,44.3181979944929,0.979,0.830,-0.104,48.700,20.892,358.977
2418436,0.0443032,44.3625011956319,0.979,0.830,-0.105,48.651,20.781,358.993
2418444,0.0448805,44.4073816938326,0.978,0.830,-0.106,48.507,20.589,358.909
2418452,0.0421508,44.4495324930176,0.978,0.831,-0.106,48.438,20.440,358.863
2418462,0.0449269,44.4944593934342,0.977,0.831,-0.107,48.298,20.312,358.872
2418470,0.0476031,44.5420624939725,0.976,0.831,-0.107,48.166,20.319,358.981
2418480,0.0416615,44.5837239949033,0.975,0.832,-0.108,48.124,20.298,359.141
2418488,0.0450681,44.6287920949981,0.975,0.831,-0.108,48.145,20.187,359.199
2418498,0.0429664,44.6717584943399,0.974,0.831,-0.109,48.181,20.109,359.234
2418506,0.0465072,44.7182656927034,0.974,0.831,-0.109,48.188,20.077,359.306
2418514,0.0452506,44.7635162910447,0.973,0.831,-0.109,48.160,20.132,359.452
2418524,0.0406747,44.8041909923777,0.973,0.831,-0.110,48.162,20.149,359.566
2418532,0.0485031,44.8526940932497,0.973,0.831,-0.110,48.170,20.072,359.578
2418542,0.042502,44.8951960941777,0.972,0.831,-0.109,48.131,20.005,359.583
2418550,0.0450601,44.9402561923489,0.971,0.831,-0.109,48.135,20.013,359.723
2418560,0.0445561,44.9848122922704,0.971,0.831,-0.109,48.141,20.059,359.922
2418568,0.0451012,45.0299134915695,0.970,0.831,-0.108,48.106,19.985,0.004
2418578,0.036623,45.0665364926681,0.969,0.831,-0.108,48.036,19.893,0.042
2418586,0.0565684,45.1231048917398,0.968,0.831,-0.107,47.983,19.794,0.059
2418594,0.0402634,45.1633682912216,0.968,0.831,-0.107,47.978,19.685,0.046
2418604,0.0422541,45.2056223927066,0.967,0.831,-0.107,48.007,19.632,0.103
2418612,0.0444702,45.250092591159,0.966,0.831,-0.107,47.989,19.652,0.162
2418622,0.0443556,45.2944481922314,0.966,0.832,-0.106,47.947,19.641,0.230
2418630,0.0425008,45.3369489936158,0.965,0.831,-0.106,47.924,19.593,0.274
2418640,0.0485279,45.3854768937454,0.965,0.831,-0.105,47.982,19.461,0.198
2418648,0.0444744,45.4299512943253,0.964,0.831,-0.105,48.034,19.379,0.171
2418658,0.0448564,45.474807693623,0.964,0.832,-0.105,47.861,19.337,0.147
2418664,0.0408618,45.515669493936,0.964,0.832,-0.104,47.720,19.308,0.109
2418674,0.0461886,45.5618580942973,0.964,0.833,-0.104,47.575,19.248,0.039
2418684,0.0436328,45.6054908959195,0.963,0.834,-0.104,47.357,19.223,0.050
2418692,0.0443374,45.6498282952234,0.962,0.834,-0.104,47.200,19.216,0.116
2418700,0.0481962,45.6980244955048,0.961,0.835,-0.104,47.054,19.148,0.200
2418710,0.0394673,45.7374917967245,0.960,0.836,-0.104,46.926,19.058,0.309
2418720,0.0449109,45.7824026970193,0.958,0.836,-0.103,46.842,18.992,0.460
2418726,0.0457705,45.8281731968746,0.957,0.836,-0.103,46.780,18.969,0.608
2418732,0.0293607,45.8575338972732,0.955,0.837,-0.103,46.692,18.913,0.762
2418740,0.046037,45.9035708969459,0.954,0.837,-0.103,46.619,18.829,0.905
2418744,0.0384705,45.9420413961634,0.953,0.837,-0.103,46.589,18.731,1.011
2418752,0.0105962,45.9526375960559,0.951,0.837,-0.102,46.573,18.627,1.089
2418760,0.0656974,46.0183349978179,0.950,0.838,-0.102,46.539,18.479,1.175
2418766,0.0318061,46.0501410979778,0.948,0.838,-0.102,46.471,18.336,1.248
2418776,0.0125659,46.0627069976181,0.947,0.838,-0.102,46.419,18.225,1.285
2418784,0.0586226,46.1213295962662,0.946,0.838,-0.101,46.340,18.123,1.298
2418792,0.0407684,46.1620979961008,0.945,0.839,-0.101,46.331,18.091,1.378
2418800,0.0469061,46.2090040948242,0.944,0.839,-0.101,46.252,18.095,1.507
2418810,0.0294013,46.2384053952992,0.943,0.840,-0.101,46.081,18.074,1.632
2418818,0.0466006,46.2850059941411,0.942,0.840,-0.101,45.975,17.975,1.684
2418828,0.0427823,46.3277882933617,0.940,0.840,-0.101,45.870,17.878,1.712
2418840,0.0449598,46.3727480918169,0.938,0.841,-0.100,45.713,17.685,1.821
2418850,0.0558391,46.4285871908069,0.936,0.842,-0.100,45.426,17.352,1.946
2418862,0.0547382,46.4833253920078,0.932,0.843,-0.099,45.141,16.827,2.097
2418874,0.0627504,46.5460757911205,0.928,0.844,-0.099,44.852,16.044,2.206
2418884,0.0574417,46.6035174913704,0.925,0.845,-0.099,44.648,15.339,2.229
2418892,0.0486234,46.6521408930421,0.921,0.846,-0.098,44.416,14.678,2.255
2418902,0.0444349,46.696575794369,0.918,0.847,-0.098,44.180,14.032,2.269
2418912,0.0447467,46.7413224950433,0.915,0.847,-0.098,44.041,13.532,2.415
2418920,0.0542482,46.7955706939101,0.912,0.848,-0.098,43.826,13.142,2.580
2418930,0.0449307,46.8405013941228,0.909,0.849,-0.098,43.591,12.769,2.819
2418938,0.044845,46.8853463940322,0.906,0.850,-0.098,43.447,12.369,2.901
2418948,0.0432603,46.9286066927016,0.903,0.850,-0.097,43.299,12.008,3.025
2418956,0.0442185,46.972825191915,0.900,0.851,-0.097,43.140,11.669,3.208
2418966,0.0470331,47.0198582932353,0.897,0.851,-0.096,42.993,11.209,3.353
2418974,0.0417391,47.061597391963,0.894,0.852,-0.096,42.883,10.682,3.485
2418982,0.0424031,47.1040004901588,0.891,0.852,-0.095,42.759,10.089,3.644
2418992,0.044274,47.1482744887471,0.888,0.853,-0.094,42.704,9.163,3.644
2419000,0.0433397,47.1916141882539,0.884,0.853,-0.094,42.595,8.049,3.446
2419010,0.0463343,47.2379484884441,0.880,0.854,-0.093,42.409,6.946,3.255
2419018,0.0465248,47.2844732888043,0.877,0.855,-0.092,42.349,6.043,3.134
2419028,0.0454681,47.3299413882196,0.874,0.855,-0.091,42.340,5.253,3.022
2419034,0.0414886,47.3714299872518,0.871,0.855,-0.089,42.271,4.453,2.876
2419044,0.0377919,47.4092218875885,0.868,0.855,-0.088,42.218,3.597,2.691
2419054,0.0452032,47.4544250890613,0.865,0.855,-0.086,42.237,2.907,2.590
2419062,0.0437436,47.4981686882675,0.862,0.855,-0.085,42.289,2.263,2.533
2419072,0.0484388,47.5466074869037,0.860,0.855,-0.083,42.333,1.778,2.603
2419080,0.0446934,47.5913008861244,0.857,0.855,-0.081,42.351,1.371,2.708
2419090,0.0404086,47.6317094862461,0.855,0.855,-0.079,42.413,0.905,2.838
2419098,0.0492077,47.6809171847999,0.853,0.855,-0.077,42.541,0.486,2.980
2419106,0.0472915,47.7282086834311,0.852,0.855,-0.075,42.691,359.990,3.021
2419116,0.0377972,47.766005884856,0.851,0.854,-0.073,42.818,359.434,3.007
2419126,0.0519005,47.817906383425,0.850,0.854,-0.071,42.920,358.909,2.972
2419134,0.0468803,47.8647866845131,0.849,0.854,-0.069,43.125,358.429,2.945
2419144,0.0411641,47.9059507846832,0.849,0.853,-0.068,43.217,358.049,2.988
2419152,0.0487071,47.9546578861773,0.849,0.853,-0.067,43.239,357.742,3.117
2419162,0.0445612,47.9992190860212,0.849,0.853,-0.066,43.283,357.452,3.164
2419164,0.0394893,48.0387083850801,0.848,0.853,-0.065,43.274,357.162,3.203
2419172,0.0193749,48.0580832846463,0.848,0.853,-0.065,43.233,356.787,3.201
2419180,0.0400552,48.0981384851038,0.848,0.854,-0.064,43.174,356.412,3.205
2419186,0.0406334,48.1387718841434,0.848,0.854,-0.064,43.071,356.027,3.269
2419190,0.0202939,48.1590657848865,0.848,0.854,-0.063,42.956,355.673,3.333
2419200,0.0268417,48.1859074849635,0.847,0.855,-0.062,42.797,355.121,3.340
2419208,0.0491073,48.2350147832185,0.847,0.855,-0.062,42.668,354.589,3.261
2419218,0.0441996,48.2792143840343,0.848,0.856,-0.061,42.481,354.116,3.142
2419226,0.0401097,48.3193240854889,0.848,0.857,-0.060,42.299,353.743,3.047
2419234,0.0442908,48.3636148851365,0.849,0.857,-0.059,42.101,353.584,3.105
2419244,0.0425415,48.4061563853174,0.849,0.858,-0.058,42.012,353.515,3.248
2419254,0.0456423,48.4517986867577,0.849,0.857,-0.057,42.087,353.549,3.478
2419262,0.0503858,48.5021844860166,0.849,0.857,-0.056,42.172,353.620,3.837
2419270,0.039116,48.5413004849106,0.849,0.857,-0.055,42.251,353.582,4.092
2419280,0.0434301,48.584730586037,0.849,0.856,-0.054,42.373,353.413,4.240
2419288,0.0498341,48.6345646847039,0.848,0.856,-0.053,42.447,353.134,4.279
2419298,0.0462425,48.6808071862906,0.848,0.856,-0.052,42.517,352.934,4.395
2419308,0.0465088,48.727315986529,0.847,0.855,-0.051,42.575,352.773,4.524
2419316,0.0435969,48.7709128875285,0.847,0.855,-0.051,42.628,352.636,4.604
2419326,0.0444493,48.8153621871024,0.846,0.855,-0.050,42.685,352.518,4.653
2419334,0.049211,48.8645731862634,0.845,0.855,-0.049,42.704,352.411,4.674
2419342,0.0414753,48.9060484860092,0.845,0.855,-0.049,42.649,352.349,4.710
2419350,0.0437023,48.9497507866472,0.844,0.855,-0.048,42.531,352.308,4.748
2419358,0.0356679,48.9854186866432,0.843,0.855,-0.047,42.539,352.259,4.753
2419362,0.0345613,49.0199799854308,0.842,0.854,-0.047,42.641,352.256,4.819
2419370,0.0308276,49.0508075859398,0.841,0.854,-0.047,42.729,352.265,4.914
2419380,0.0440158,49.0948233846575,0.840,0.854,-0.047,42.796,352.306,5.080
2419386,0.0323961,49.127219485119,0.839,0.854,-0.046,42.874,352.342,5.222
2419394,0.0401444,49.1673638839275,0.837,0.854,-0.045,42.954,352.393,5.359
2419404,0.0409595,49.2083233837038,0.836,0.853,-0.045,43.028,352.413,5.429
2419412,0.0441463,49.252469683066,0.835,0.853,-0.044,43.080,352.413,5.503
2419422,0.0428383,49.2953079845756,0.834,0.853,-0.043,43.055,352.430,5.556
2419430,0.0471092,49.3424171861261,0.833,0.853,-0.042,43.077,352.488,5.625
2419440,0.0472229,49.3896400872618,0.833,0.853,-0.041,43.104,352.549,5.691
2419448,0.041408,49.4310480859131,0.832,0.853,-0.040,43.181,352.561,5.692
2419458,0.0428266,49.4738746862859,0.832,0.853,-0.039,43.262,352.570,5.659
2419466,0.0476054,49.5214800853282,0.832,0.852,-0.038,43.303,352.546,5.623
2419476,0.0489009,49.5703809838742,0.831,0.852,-0.037,43.416,352.439,5.549
2419486,0.0482682,49.6186491828412,0.831,0.852,-0.036,43.473,352.396,5.504
2419494,0.0437094,49.6623585838825,0.831,0.852,-0.036,43.497,352.338,5.451
2419504,0.0439895,49.7063480820507,0.831,0.852,-0.036,43.549,352.362,5.429
2419512,0.0438297,49.7501777838916,0.831,0.852,-0.036,43.563,352.359,5.398
2419522,0.0412963,49.7914740834385,0.831,0.851,-0.036,43.578,352.378,5.373
2419530,0.0490687,49.8405427839607,0.830,0.851,-0.036,43.614,352.379,5.380
2419538,0.0424796,49.8830223847181,0.830,0.851,-0.036,43.621,352.306,5.388
2419548,0.0452323,49.9282546844333,0.829,0.851,-0.036,43.637,352.176,5.346
2419558,0.0420547,49.9703093860298,0.829,0.851,-0.036,43.659,352.045,5.345
2419566,0.0482935,50.0186028871685,0.828,0.851,-0.036,43.702,351.929,5.345
2419574,0.0442256,50.0628284867853,0.827,0.851,-0.036,43.778,351.851,5.358
2419584,0.042533,50.1053614858538,0.826,0.851,-0.035,43.890,351.761,5.371
2419592,0.0488111,50.1541725862771,0.825,0.850,-0.035,43.936,351.674,5.388
2419600,0.040151,50.1943235863,0.825,0.850,-0.035,44.122,351.676,5.466
2419610,0.0453561,50.2396796848625,0.824,0.849,-0.034,44.267,351.710,5.590
2419618,0.0443545,50.2840341832489,0.823,0.849,-0.034,44.342,351.721,5.704
2419628,0.0437628,50.3277969826013,0.822,0.848,-0.034,44.396,351.721,5.774
2419636,0.0433069,50.371103880927,0.821,0.848,-0.034,44.424,351.683,5.794
2419644,0.0452895,50.4163933824748,0.820,0.848,-0.035,44.440,351.677,5.858
2419654,0.0382121,50.454605480656,0.819,0.848,-0.035,44.442,351.679,5.946
2419664,0.0516085,50.5062139797956,0.818,0.848,-0.036,44.451,351.679,6.049
2419672,0.0436076,50.5498215798289,0.816,0.848,-0.036,44.438,351.653,6.140
2419680,0.0451869,50.5950084794313,0.814,0.848,-0.037,44.457,351.623,6.273
2419690,0.0441745,50.639182979241,0.813,0.848,-0.038,44.450,351.579,6.353
2419698,0.0434452,50.682628178969,0.811,0.848,-0.039,44.451,351.565,6.295
2419708,0.0424407,50.7250688802451,0.810,0.848,-0.040,44.433,351.690,6.263
2419716,0.0450638,50.7701326813549,0.809,0.848,-0.040,44.432,351.882,6.225
2419726,0.0471118,50.817244483158,0.808,0.848,-0.042,44.535,352.184,6.207
2419734,0.0417968,50.8590412829071,0.806,0.848,-0.043,44.540,352.475,6.202
2419742,0.0464686,50.9055098835379,0.805,0.848,-0.044,44.581,352.840,6.213
2419750,0.0461877,50.951697582379,0.803,0.848,-0.045,44.640,353.130,6.165
2419760,0.0406874,50.9923849832267,0.801,0.847,-0.047,44.691,353.454,6.091
2419770,0.0456758,51.0380607824773,0.799,0.847,-0.049,44.706,353.835,6.118
2419778,0.0443679,51.0824286807328,0.797,0.847,-0.051,44.683,354.200,6.132
2419788,0.0423806,51.1248092819005,0.795,0.847,-0.053,44.662,354.556,6.092
2419796,0.0481346,51.1729438807815,0.792,0.847,-0.055,44.642,354.840,5.971
2419806,0.0433927,51.2163365799934,0.789,0.847,-0.058,44.673,355.182,5.890
2419814,0.0497777,51.2661142814904,0.786,0.846,-0.060,44.690,355.637,5.929
2419822,0.0414962,51.3076104801148,0.783,0.846,-0.063,44.654,356.061,5.929
2419832,0.035891,51.3435014802963,0.780,0.846,-0.066,44.667,356.420,5.931
2419840,0.0542113,51.3977127801627,0.777,0.846,-0.069,44.597,356.687,5.869
2419850,0.0437115,51.4414242785424,0.774,0.846,-0.071,44.622,356.904,5.823
2419858,0.0406339,51.4820581767708,0.772,0.846,-0.074,44.582,357.079,5.718
2419866,0.043795,51.5258531775326,0.770,0.846,-0.076,44.513,357.308,5.646
2419876,0.04061,51.5664631780237,0.768,0.845,-0.077,44.578,357.602,5.630
2419886,0.049166,51.6156291794032,0.766,0.845,-0.078,44.595,357.873,5.574
2419894,0.0436121,51.6592412795872,0.765,0.845,-0.079,44.623,358.189,5.572
2419904,0.0474711,51.706712378189,0.764,0.845,-0.079,44.682,358.411,5.580
2419912,0.0408021,51.7475144769996,0.764,0.845,-0.079,44.757,358.526,5.540
2419922,0.0448468,51.7923612762243,0.764,0.845,-0.079,44.833,358.556,5.443
2419930,0.0496298,51.8419910762459,0.764,0.844,-0.079,44.845,358.516,5.341
2419938,0.0417282,51.8837192747742,0.764,0.844,-0.078,44.888,358.449,5.255
2419946,0.0435014,51.9272206742316,0.765,0.844,-0.077,44.917,358.446,5.235
2419956,0.0441601,51.9713807757944,0.766,0.844,-0.075,44.966,358.471,5.215
2419966,0.0459006,52.0172813739628,0.768,0.845,-0.073,44.948,358.589,5.253
2419974,0.0442188,52.0615001749247,0.769,0.845,-0.071,44.878,358.730,5.282
2419984,0.0480617,52.1095618735999,0.770,0.845,-0.070,45.019,358.829,5.285
2419992,0.0393361,52.1488979738206,0.771,0.845,-0.068,45.084,358.868,5.302
2420000,0.0468827,52.1957806739956,0.771,0.845,-0.067,45.077,358.885,5.380
2420008,0.0405992,52.2363798748702,0.772,0.845,-0.065,45.095,358.861,5.415
2420010,0.0440005,52.2803803738207,0.772,0.845,-0.064,45.116,358.824,5.432
2420018,0.0050824,52.2854627738707,0.772,0.845,-0.063,45.119,358.789,5.465
2420026,0.063282,52.348744771909,0.772,0.844,-0.061,45.166,358.726,5.527
2420036,0.018735,52.3674797727726,0.772,0.844,-0.060,45.275,358.739,5.649
2420044,0.05519,52.4226697734557,0.772,0.844,-0.058,45.383,358.700,5.793
2420050,0.027232,52.44990177406,0.772,0.843,-0.057,45.489,358.644,5.871
2420058,0.0478063,52.4977080742829,0.771,0.843,-0.055,45.578,358.555,5.939
2420068,0.0326077,52.5303157749586,0.770,0.843,-0.054,45.604,358.469,6.021
2420076,0.0423253,52.5726410741918,0.769,0.843,-0.053,45.642,358.358,6.120
2420086,0.0443297,52.6169707733206,0.768,0.843,-0.052,45.683,358.240,6.148
2420094,0.0450043,52.6619750740938,0.767,0.842,-0.051,45.670,358.116,6.140
2420104,0.04358,52.7055550734513,0.767,0.842,-0.051,45.773,358.111,6.178
2420112,0.0452694,52.7508244733326,0.766,0.842,-0.050,45.795,358.121,6.202
2420122,0.0444732,52.7952976743691,0.766,0.842,-0.050,45.846,358.132,6.192
2420130,0.0510671,52.8463647733442,0.766,0.842,-0.049,45.859,358.158,6.212
2420142,0.0457999,52.8921646731906,0.766,0.842,-0.049,45.860,358.232,6.248
2420152,0.0518161,52.9439807715826,0.766,0.842,-0.049,45.815,358.258,6.222
2420160,0.0522035,52.9961842703633,0.766,0.841,-0.049,45.918,358.316,6.163
2420170,0.0416648,53.0378490719013,0.766,0.841,-0.050,45.932,358.467,6.238
2420178,0.049306,53.0871550734155,0.766,0.841,-0.050,45.841,358.593,6.291
2420188,0.0398194,53.126974474173,0.766,0.842,-0.051,45.820,358.653,6.231
2420196,0.0458265,53.1728009725921,0.766,0.842,-0.051,45.702,358.735,6.201
2420206,0.0428249,53.2156258742325,0.766,0.842,-0.052,45.587,358.870,6.271
2420214,0.0459639,53.2615897725336,0.767,0.843,-0.054,45.544,358.994,6.356
2420222,0.0429307,53.3045204724185,0.767,0.843,-0.055,45.412,359.059,6.374
2420230,0.0427861,53.3473065714352,0.767,0.844,-0.056,45.283,359.049,6.305
2420240,0.0433254,53.3906319732778,0.767,0.844,-0.057,45.089,359.046,6.256
2420250,0.056066,53.4466979722492,0.768,0.845,-0.059,45.000,359.004,6.210
2420258,0.0363958,53.4830937716179,0.768,0.845,-0.060,44.947,359.054,6.246
2420268,0.0460054,53.5290991733782,0.768,0.845,-0.061,44.883,359.067,6.284
2420276,0.0427001,53.5717992740683,0.769,0.845,-0.062,44.838,359.048,6.280
2420284,0.04498,53.6167792747729,0.769,0.845,-0.064,44.735,359.056,6.306
2420294,0.0380937,53.6548729757778,0.770,0.845,-0.064,44.634,359.036,6.347
2420304,0.0522459,53.7071188758127,0.770,0.845,-0.066,44.684,359.010,6.377
2420310,0.0436184,53.7507372754626,0.770,0.845,-0.067,44.733,358.943,6.378
2420320,0.0412851,53.7920223767869,0.771,0.845,-0.068,44.701,358.884,6.340
2420330,0.0466358,53.8386581758969,0.771,0.846,-0.069,44.624,358.823,6.291
2420338,0.0432828,53.8819409753196,0.772,0.846,-0.070,44.515,358.802,6.272
2420348,0.0440298,53.9259707736783,0.772,0.846,-0.071,44.461,358.768,6.277
2420356,0.0455075,53.9714782754891,0.773,0.846,-0.072,44.400,358.619,6.211
2420364,0.0432288,54.0147070768289,0.773,0.847,-0.073,44.334,358.333,6.221
2420374,0.0460587,54.0607657763176,0.772,0.847,-0.075,44.062,357.575,6.077
2420384,0.0474615,54.1082272748463,0.769,0.849,-0.077,43.749,355.863,5.443
2420392,0.0446422,54.1528694736771,0.765,0.850,-0.080,43.517,353.200,4.654
2420400,0.0426945,54.1955639752559,0.757,0.851,-0.083,43.243,348.643,3.347
2420410,0.0439549,54.2395188766532,0.745,0.852,-0.089,43.103,340.933,0.724
2420418,0.0449115,54.2844303767197,0.730,0.853,-0.099,43.089,330.741,356.959
2420428,0.0470639,54.3314942750148,0.713,0.854,-0.112,42.832,319.403,353.105
2420436,0.0399239,54.3714181738906,0.697,0.855,-0.128,42.249,308.175,349.709
2420446,0.043053,54.414471175056,0.683,0.857,-0.146,41.382,297.667,347.480
2420454,0.0460238,54.4604949760251,0.670,0.860,-0.164,40.417,288.896,346.533
2420464,0.043845,54.5043399776332,0.659,0.863,-0.184,39.270,281.178,346.735
2420472,0.045793,54.5501329782419,0.651,0.866,-0.203,38.598,275.052,347.714
2420480,0.0477139,54.5978468800895,0.645,0.868,-0.223,38.371,269.386,348.987
2420490,0.041521,54.6393678816967,0.641,0.868,-0.244,38.334,264.437,350.140
2420496,0.0435208,54.682888682466,0.640,0.868,-0.258,38.643,261.130,350.841
2420504,0.0372279,54.7201165813021,0.639,0.868,-0.271,38.864,258.648,351.676
2420510,0.0381767,54.758293281775,0.639,0.867,-0.283,39.064,257.019,352.568
2420518,0.0244769,54.7827701824717,0.639,0.866,-0.293,39.339,256.069,353.836
2420522,0.044604,54.8273741821758,0.640,0.866,-0.301,39.364,255.803,355.296
2420528,0.0248999,54.8522740821354,0.641,0.867,-0.309,39.132,255.791,356.611
2420538,0.0220418,54.874315881636,0.642,0.868,-0.317,38.654,255.883,358.474
2420546,0.0473517,54.9216675809585,0.645,0.868,-0.325,38.261,256.086,359.946
2420554,0.0453306,54.9669981799088,0.647,0.869,-0.331,37.921,256.110,0.863
2420564,0.0449659,55.0119640803896,0.649,0.869,-0.335,37.689,256.209,1.384
2420574,0.04023