3078776,0.0490092,0.0490092001855373,False,True
3078786,0.0262686,0.0752777997404337,False,True
3078794,0.0445445,0.119822299107909,False,True
3078804,0.0425458,0.162368098273873,False,True
3078812,0.048326,0.210694098845124,False,True
3078822,0.0376818,0.248375898227096,False,True
3078830,0.0474331,0.295808998867869,False,True
3078840,0.0440326,0.339841598644853,False,True
3078848,0.0457342,0.385575799271464,False,True
3078858,0.0469179,0.432493699714541,False,True
3078868,0.0470221,0.479515800252557,False,True
3078876,0.0478984,0.527414200827479,False,True
3078884,0.0428377,0.57025190256536,False,True
3078894,0.0473559,0.617607804015279,False,True
3078904,0.0458645,0.66347230412066,False,True
3078908,0.0444979,0.707970203831792,False,True
3078914,0.0232549,0.731225103139877,False,True
3078920,0.0328032,0.764028303325176,False,True
3078926,0.0196214,0.783649703487754,False,True
3078934,0.0552861,0.838935801759362,False,True
3078942,0.0241745,0.863110302016139,False,True
3078952,0.0549502,0.918060502037406,False,True
3078958,0.0400849,0.958145400509238,False,True
3078968,0.0266359,0.984781300649047,False,True
3078978,0.051147,1.03592829965055,False,True
3078984,0.0428697,1.0787979979068,False,True
3078994,0.0386448,1.11744279973209,False,True
3079004,0.0421603,1.15960309840739,False,True
3079012,0.051758,1.2113610971719,False,True
3079020,0.0357253,1.24708639644086,False,True
3079030,0.0448314,1.29191779531538,False,True
3079040,0.0530686,1.34498639591038,False,True
3079050,0.0477126,1.39269899763167,False,True
3079060,0.0473111,1.44001009874046,False,True
3079068,0.0512448,1.49125489778817,False,True
3079078,0.0443536,1.53560849837959,False,True
3079086,0.0506122,1.58622069843113,False,True
3079092,0.0377788,1.6239994969219,False,True
3079100,0.0373647,1.66136419586837,False,True
3079112,0.043206,1.70457019470632,False,True
3079116,0.0446475,1.74921769462526,False,True
3079126,0.0157983,1.76501599512994,False,True
3079134,0.0501237,1.81513969413936,False,True
3079144,0.0448729,1.86001259274781,False,True
3079152,0.0480194,1.90803199447691,False,True
3079160,0.0421023,1.95013429410756,False,True
3079168,0.0433169,1.99345119483769,False,True
3079178,0.041286,2.03473719395697,False,True
3079188,0.0482957,2.08303289301693,False,True
3079196,0.0454924,2.12852529250085,False,True
3079208,0.0438044,2.17232969217002,False,True
3079216,0.0566485,2.22897819243371,False,True
3079226,0.0474886,2.27646679244936,False,True
3079232,0.0396087,2.31607549078763,False,True
3079238,0.0335419,2.34961738996208,False,True
3079248,0.0412316,2.39084898866713,False,True
3079258,0.0466554,2.43750439025462,False,True
3079264,0.0423335,2.47983788885176,False,True
3079274,0.0334346,2.51327248848975,False,True
3079284,0.0483846,2.56165708787739,False,True
3079292,0.0443226,2.60597968660295,False,True
3079300,0.0437808,2.64976048655808,False,True
3079310,0.0437971,2.69355758838356,False,True
3079318,0.0447857,2.73834328912199,False,True
3079326,0.0459357,2.78427899070084,False,True
3079336,0.0404462,2.82472519017756,False,True
3079346,0.0483257,2.8730508890003,False,True
3079356,0.0510159,2.92406678758562,False,True
3079366,0.05304,2.97710678912699,False,True
3079372,0.0404271,3.01753388904035,False,True
3079378,0.0382961,3.05582998879254,False,True
3079386,0.0266525,3.08248248882592,False,True
3079392,0.0421999,3.12468238733709,False,True
3079400,0.0286853,3.15336768701673,False,True
3079404,0.0310462,3.18441388756037,False,True
3079412,0.0367477,3.22116158902645,False,True
3079424,0.0476857,3.26884729042649,False,True
3079432,0.0400979,3.30894519016147,False,True
3079436,0.0400706,3.34901579096913,False,True
3079444,0.0183607,3.36737649142742,False,True
3079452,0.0480998,3.41547629237175,False,True
3079460,0.0424909,3.45796719193459,False,True
3079468,0.032397,3.49036419019103,False,True
3079476,0.0447323,3.53509648889303,False,True
3079486,0.041223,3.57631948962808,False,True
3079494,0.0494038,3.62572329118848,False,True
3079504,0.0478953,3.67361859232187,False,True
3079514,0.0346718,3.7082903906703,False,True
3079522,0.0534311,3.76172149181366,False,True
3079532,0.0441125,3.80583399161696,False,True
3079540,0.0458541,3.85168809071183,False,True
3079552,0.0424789,3.89416699111462,False,True
3079560,0.0590152,3.95318219065666,True,True
3079570,0.0425156,3.99569778889418,True,True
3079578,0.0422943,4.0379920899868,True,True
3079586,0.0448496,4.08284169062972,True,True
3079596,0.0419459,4.12478759139776,True,True
3079604,0.0489488,4.1737363897264,True,True
3079614,0.0422357,4.21597208827734,True,True
3079624,0.0436003,4.25957238674164,True,True
3079630,0.048138,4.30771038681269,True,True
3079640,0.0409648,4.34867518767715,True,True
3079650,0.0450502,4.39372538775206,True,True
3079658,0.048321,4.44204638898373,True,True
3079666,0.0388883,4.48093469068408,True,True
3079676,0.0471694,4.5281040892005,True,True
3079686,0.0456142,4.57371829077601,True,True
3079694,0.0445422,4.61826049163938,True,True
3079700,0.0431094,4.66136988997459,True,True
3079710,0.039927,4.70129688829184,True,True
3079714,0.0409319,4.74222878739238,True,True
3079718,0.0177632,4.75999198667705,True,True
3079726,0.0303809,4.79037288576365,True,True
3079732,0.0283703,4.81874318607152,True,True
3079742,0.0348381,4.85358128510416,True,True
3079750,0.0601382,4.91371948458254,True,True
3079756,0.0345812,4.94830068387091,True,True
3079766,0.0245327,4.9728333838284,True,True
3079774,0.0537666,5.02659998461604,True,True
3079784,0.0421972,5.06879718601704,True,True
3079792,0.0459339,5.11473108455539,True,True
3079802,0.0378402,5.15257128328085,True,True
3079810,0.0487921,5.20136338472366,True,True
3079820,0.0446358,5.24599918350577,True,True
3079830,0.0459261,5.29192528501153,True,True
3079838,0.0453048,5.3372300863266,True,True
3079850,0.0449189,5.38214898481965,True,True
3079858,0.0539455,5.43609448522329,True,True
3079868,0.0465092,5.48260368406773,True,True
3079876,0.0433182,5.52592188492417,True,True
3079886,0.0444752,5.57039708644152,True,True
3079894,0.0457028,5.6160998865962,True,True
3079904,0.0432604,5.65936028584838,True,True
3079912,0.0490453,5.70840558409691,True,True
3079918,0.0453611,5.75376668572426,True,True
3079928,0.0331054,5.78687208518386,True,True
3079932,0.0414418,5.828313883394,True,True
3079940,0.0192931,5.8476069830358,True,True
3079944,0.0470369,5.89464388415217,True,True
3079952,0.0220987,5.91674258373678,True,True
3079958,0.0291701,5.94591268338263,True,True
3079968,0.0449922,5.99090488441288,True,True
3079976,0.0477774,6.03868228383362,True,True
3079982,0.042521,6.08120328374207,True,True
3079994,0.0359492,6.11715248413384,True,True
3080000,0.0417605,6.15891298465431,True,True
3080010,0.0359555,6.19486848451197,True,True
3080018,0.0462652,6.24113368429244,True,True
3080026,0.0459387,6.28707238472998,True,True
3080036,0.0403612,6.32743358425796,True,True
3080046,0.0486127,6.37604628317058,True,True
3080054,0.0432362,6.41928248293698,True,True
3080064,0.0492912,6.46857368387282,True,True
3080074,0.0465254,6.51509908400476,True,True
3080084,0.0437471,6.55884618498385,True,True
3080094,0.0560642,6.6149103846401,True,True
3080102,0.0450912,6.66000158526003,True,True
3080112,0.0442555,6.70425708405674,True,True
3080120,0.0464195,6.75067658536136,True,True
3080130,0.0409136,6.79159018583596,True,True
3080138,0.0540967,6.84568688459694,True,True
3080146,0.0372161,6.8829029854387,True,True
3080156,0.0430799,6.92598288692534,True,True
3080164,0.0412428,6.96722568757832,True,True
3080174,0.0503644,7.01759008876979,True,True
3080182,0.0441761,7.06176619045436,True,True
3080192,0.0451151,7.10688128881156,True,True
3080200,0.0431258,7.15000708959997,True,True
3080206,0.0439364,7.19394349120557,True,True
3080214,0.0331114,7.22705489210784,True,True
3080218,0.0437135,7.27076839096844,True,True
3080226,0.0127734,7.28354179114103,True,True
3080234,0.0574626,7.34100439026952,True,True
3080236,0.0151355,7.35613988991827,True,True
3080248,0.0267814,7.38292129058391,True,True
3080262,0.0732338,7.45615508873016,True,True
3080272,0.0527918,7.50894688908011,True,True
3080280,0.0417579,7.55070478934795,True,True
3080290,0.0445426,7.59524738881737,True,True
3080298,0.0459325,7.64117989037186,True,True
3080306,0.0389138,7.68009369168431,True,True
3080316,0.0453621,7.72545579168946,True,True
3080326,0.047659,7.77311479020864,True,True
3080334,0.0451167,7.81823149044067,True,True
3080344,0.0452219,7.86345338914543,True,True
3080354,0.0517805,7.91523388866335,True,True
3080364,0.0461769,7.96141078788787,True,True
3080374,0.0556141,8.01702488679439,True,True
3080382,0.0424276,8.05945248622447,True,True
3080390,0.0457719,8.1052243867889,True,True
3080400,0.0416327,8.14685708750039,True,True
3080410,0.0466026,8.19345968682319,True,True
3080418,0.0459086,8.23936828691512,True,True
3080426,0.0416191,8.28098738659173,True,True
3080436,0.0462773,8.32726468611509,True,True
3080446,0.0480231,8.37528778705746,True,True
3080452,0.0433163,8.41860408801585,True,True
3080462,0.0357724,8.45437648985535,True,True
3080472,0.0528118,8.50718829128891,True,True
3080480,0.042325,8.54951329249889,True,True
3080488,0.0447809,8.59429419133812,True,True
3080498,0.0422929,8.63658709172159,True,True
3080508,0.0463365,8.68292359355837,True,True
3080516,0.0450492,8.72797279525548,True,True
3080524,0.0444174,8.77239019516855,True,True
3080534,0.0403025,8.8126926952973,True,True
3080542,0.0461491,8.85884179640561,True,True
3080552,0.0447865,8.90362829808146,True,True
3080558,0.0464736,8.9501018980518,True,True
3080568,0.0360846,8.98618649784476,True,True
3080578,0.052564,9.03875049669296,True,True
3080586,0.0442323,9.08298279810697,True,True
3080596,0.0425296,9.12551239971071,True,True
3080604,0.0457596,9.17127199936658,True,True
3080614,0.0367088,9.20798079762608,True,True
3080622,0.0504815,9.2584622958675,True,True
3080630,0.0447304,9.30319269467145,True,True
3080640,0.0441278,9.34732049424201,True,True
3080648,0.0448602,9.39218069333583,True,True
3080656,0.0460719,9.438252591528,True,True
3080666,0.0423231,9.48057569283992,True,True
3080676,0.0390395,9.51961519289762,True,True
3080684,0.0487359,9.56835109461099,True,True
3080694,0.0530009,9.62135199550539,True,True
3080702,0.041828,9.66317999456078,True,True
3080710,0.0387436,9.70192359481007,True,True
3080720,0.0469537,9.74887729529291,True,True
3080728,0.0420458,9.7909230934456,True,True
3080738,0.0444513,9.83537439350039,True,True
3080746,0.0459728,9.88134719524533,True,True
3080756,0.044467,9.92581419367343,True,True
3080764,0.0466861,9.97250029537827,True,True
3080774,0.0362617,10.008761995472,True,True
3080782,0.0519848,10.0607467936352,True,True
3080792,0.0476643,10.1084110932425,True,True
3080800,0.0461162,10.1545272925869,True,True
3080810,0.037117,10.1916442932561,True,True
3080816,0.0468461,10.238490392454,True,True
3080822,0.0344935,10.2729838909581,True,True
3080830,0.0318096,10.3047934891656,True,True
3080834,0.0415387,10.346332189627,True,True
3080842,0.0263737,10.3727058889344,True,True
3080846,0.0280824,10.4007882894948,True,True
3080856,0.029151,10.4299392895773,True,True
3080864,0.0616931,10.4916323879734,True,True
3080874,0.0309022,10.5225345874205,True,True
3080882,0.040468,10.5630025872961,True,True
3080890,0.0342521,10.5972546869889,True,True
3080898,0.0486061,10.6458607884124,True,True
3080908,0.0379184,10.6837791884318,True,True
3080916,0.0522077,10.73598688934,True,True
3080924,0.0398841,10.7758709909394,True,True
3080934,0.0468173,10.822688289918,True,True
3080944,0.0449752,10.8676634887233,True,True
3080954,0.045705,10.9133684905246,True,True
3080962,0.0460255,10.9593939902261,True,True
3080972,0.048328,11.0077219912782,True,True
3080982,0.048764,11.0564859928563,True,True
3080992,0.0472365,11.1037224913016,True,True
3081000,0.0454342,11.1491566905752,True,True
3081008,0.0421913,11.1913479911163,True,True
3081018,0.0462703,11.2376182908192,True,True
3081026,0.0435519,11.281170190312,True,True
3081034,0.0443878,11.3255579890683,True,True
3081044,0.0434742,11.3690321901813,True,True
3081054,0.0467944,11.4158265898004,True,True
3081062,0.0461082,11.4619347909465,True,True
3081068,0.0423705,11.5043052891269,True,True
3081076,0.0321147,11.5364199886099,True,True
3081082,0.0359,11.5723199890926,True,True
3081090,0.0361962,11.6085161874071,True,True
3081096,0.0382145,11.6467306884006,True,True
3081104,0.0286346,11.6753652887419,True,True
3081110,0.0432207,11.7185859875754,True,True
3081116,0.0237185,11.7423044880852,True,True
3081122,0.0330131,11.7753175897524,True,True
3081128,0.0308018,11.8061193889007,True,True
3081134,0.0219648,11.8280841885135,True,True
3081144,0.0426439,11.8707280894741,True,True
3081150,0.0432957,11.9140237895772,True,True
3081160,0.0323831,11.9464068887755,True,True
3081168,0.0435678,11.9899746878073,True,True
3081178,0.0466546,12.0366292884573,True,True
3081186,0.0435462,12.0801754882559,True,True
3081194,0.0412759,12.1214513881132,True,True
3081204,0.0469999,12.1684512896463,True,True
3081212,0.0433504,12.2118016881868,True,True
3081224,0.0519649,12.2637665895745,True,True
3081232,0.0515419,12.3153084879741,True,True
3081242,0.0468874,12.3621958894655,True,True
3081248,0.0429828,12.4051786912605,True,True
3081254,0.0307692,12.4359478903934,True,True
3081262,0.0277961,12.4637439912185,True,True
3081268,0.0389658,12.5027097901329,True,True
3081274,0.0442815,12.5469912914559,True,True
3081282,0.0213109,12.5683021908626,True,True
3081288,0.0333493,12.6016514925286,True,True
3081298,0.0362826,12.6379340915009,True,True
3081306,0.0503621,12.688296190463,True,True
3081312,0.0389463,12.727242491208,True,True
3081322,0.0370321,12.7642745925114,True,True
3081332,0.0465297,12.8108042916283,True,True
3081340,0.0455078,12.8563120914623,True,True
3081348,0.045261,12.9015730908141,True,True
3081358,0.035842,12.9374150922522,True,True
3081368,0.0461477,12.9835627926514,True,True
3081376,0.05035,13.0339127918705,True,True
3081386,0.0467274,13.0806401921436,True,True
3081394,0.0511806,13.1318207932636,True,True
3081404,0.0382034,13.170024192892,True,True
3081414,0.0523254,13.2223495943472,True,True
3081422,0.041326,13.2636755956337,True,True
3081432,0.0464549,13.3101304946467,True,True
3081442,0.0402228,13.3503532959148,True,True
3081450,0.0521769,13.4025301961228,True,True
3081460,0.044198,13.4467281950638,True,True
3081468,0.0460105,13.4927386967465,True,True
3081478,0.0351924,13.5279310969636,True,True
3081486,0.0542181,13.5821491954848,True,True
3081496,0.046229,13.6283781966195,True,True
3081504,0.042463,13.6708411974832,True,True
3081512,0.0400423,13.7108834972605,True,True
3081522,0.0482884,13.7591718984768,True,True
3081530,0.0443057,13.8034775992855,True,True
3081538,0.0437385,13.8472160985693,True,True
3081548,0.0445779,13.8917939988896,True,True
3081558,0.0446968,13.9364907993004,True,True
3081566,0.0466858,13.9831765992567,True,True
3081576,0.03669,14.0198665997013,True,True
3081584,0.0523303,14.0721968999133,True,True
3081592,0.0440091,14.116206000559,True,True
3081602,0.0450152,14.1612212015316,True,True
3081610,0.0441565,14.2053777007386,True,True
3081620,0.0449375,14.2503151996061,True,True
3081628,0.0433755,14.2936906991526,True,True
3081638,0.0429199,14.336610599421,True,True
3081646,0.0461536,14.38276420068,True,True
3081654,0.0430957,14.4258599011227,True,True
3081664,0.0375705,14.4634304000065,True,True
3081672,0.0538821,14.5173124996945,True,True
3081682,0.0453057,14.5626181988046,True,True
3081692,0.0482207,14.6108389003202,True,True
3081700,0.0408155,14.6516543990001,True,True
3081708,0.0430941,14.6947484975681,True,True
3081718,0.035984,14.7307324958965,True,True
3081726,0.0507337,14.7814661962911,True,True
3081734,0.0442159,14.825682095252,True,True
3081744,0.039216,14.8648980958387,True,True
3081752,0.0492063,14.9141043974087,True,True
3081762,0.0438391,14.957943498157,True,True
3081770,0.0491437,15.0070871999487,True,True
3081778,0.0349362,15.0420234007761,True,True
3081788,0.0443687,15.0863920999691,True,True
3081796,0.0547461,15.1411381987855,True,True
3081806,0.0404127,15.1815509004518,True,True
3081814,0.049682,15.2312328992411,True,True
3081824,0.0435859,15.2748187994584,True,True
3081834,0.0469719,15.3217906979844,True,True
3081842,0.0398182,15.3616088991985,True,True
3081850,0.0467945,15.4084033994004,True,True
3081860,0.0416315,15.4500349005684,True,True
3081868,0.0435372,15.4935721000656,True,True
3081876,0.0455526,15.5391247002408,True,True
3081886,0.04212,15.5812446987256,True,True
3081896,0.0448803,15.6261249994859,True,True
3081904,0.0470455,15.6731704985723,True,True
3081912,0.0457683,15.718938796781,True,True
3081922,0.0368711,15.7558098984882,True,True
3081930,0.0525522,15.808362099342,True,True
3081940,0.0417858,15.8501478983089,True,True
3081948,0.0423557,15.8925035996363,True,True
3081958,0.0450026,15.9375061979517,True,True
3081966,0.0438833,15.9813894992694,True,True
3081974,0.0446724,16.0260618990287,True,True
3081984,0.0422141,16.0682759983465,True,True
3081992,0.0495211,16.1177970981225,True,True
3082002,0.0409499,16.1587469978258,True,True
3082010,0.0465594,16.2053063986823,True,True
3082020,0.0443934,16.2496998002753,True,True
3082028,0.0427175,16.2924173017964,True,True
3082038,0.0447985,16.3372158026323,True,True
3082046,0.0468863,16.3841021014377,True,True
3082056,0.0421283,16.4262303998694,True,True
3082064,0.044804,16.4710343992338,True,True
3082072,0.0431003,16.5141347004101,True,True
3082082,0.0451802,16.5593149019405,True,True
3082090,0.0450556,16.6043705036864,True,True
3082100,0.0455767,16.6499472027645,True,True
3082108,0.0459271,16.695874302648,True,True
3082118,0.0382572,16.7341315029189,True,True
3082126,0.0529232,16.7870547017083,True,True
3082136,0.0393901,16.8264448000118,True,True
3082144,0.0469194,16.8733642017469,True,True
3082154,0.0438631,16.9172273008153,True,True
3082162,0.0450101,16.9622374018654,True,True
3082170,0.0400101,17.0022475002334,True,True
3082180,0.0458784,17.0481258993968,True,True
3082188,0.0436369,17.0917627988383,True,True
3082196,0.0459989,17.1377616999671,True,True
3082206,0.0438827,17.181644401513,True,True
3082216,0.0462441,17.2278885012493,True,True
3082222,0.0411956,17.2690841024742,True,True
3082228,0.0440134,17.3130975021049,True,True
3082236,0.0319304,17.3450279003009,True,True
3082242,0.0276499,17.3726778002456,True,True
3082250,0.0331847,17.4058624999598,True,True
3082256,0.0461945,17.4520570011809,True,True
3082260,0.0192741,17.4713311018422,True,True
3082270,0.0292531,17.5005842009559,True,True
3082280,0.0592534,17.5598375992849,True,True
3082284,0.0428312,17.6026688003913,True,True
3082294,0.015715,17.6183837996796,True,True
3082302,0.0615367,17.679920499213,True,True
3082308,0.0277878,17.7077083000913,True,True
3082318,0.0390951,17.7468034001067,True,True
3082328,0.0442367,17.7910401010886,True,True
3082336,0.0426161,17.8336562002078,True,True
3082344,0.0435636,17.8772198008373,True,True
3082354,0.0412664,17.9184862012044,True,True
3082364,0.0490141,17.9675003001466,True,True
3082374,0.0471265,18.0146268019453,True,True
3082382,0.0491041,18.0637309001759,True,True
3082392,0.0489981,18.1127289989963,True,True
3082402,0.0462192,18.1589481988922,True,True
3082412,0.0534739,18.2124220998958,True,True
3082422,0.0451382,18.2575602987781,True,True
3082430,0.0470333,18.3045935975388,True,True
3082440,0.045176,18.3497695969418,True,True
3082448,0.0457969,18.3955664979294,True,True
3082458,0.039785,18.4353514993563,True,True
3082466,0.0471024,18.4824538985267,True,True
3082474,0.0463871,18.5288409972563,True,True
3082480,0.0304297,18.5592706976458,True,True
3082486,0.0409464,18.6002170993015,True,True
3082494,0.0317758,18.6319928979501,True,True
3082500,0.0292309,18.6612237980589,True,True
3082506,0.0404837,18.7017074963078,True,True
3082514,0.0254076,18.727115095593,True,True
3082518,0.0337663,18.7608813950792,True,True
3082528,0.0318219,18.7927032941952,True,True
3082532,0.0443312,18.8370344946161,True,True
3082538,0.0126094,18.8496438944712,True,True
3082544,0.0583821,18.9080259958282,True,True
3082550,0.0100589,18.9180848961696,True,True
3082558,0.0311641,18.9492489965633,True,True
3082568,0.0618793,19.0111282961443,True,True
3082572,0.0356751,19.0468033971265,True,True
3082582,0.0087839,19.0555872973055,True,True
3082590,0.0578473,19.1134345959872,True,True
3082598,0.0379396,19.1513741966337,True,True
3082608,0.0408348,19.1922089960426,True,True
3082618,0.0448938,19.2371027972549,True,True
3082626,0.0458153,19.2829180974513,True,True
3082634,0.0431615,19.3260795976967,True,True
3082644,0.0441369,19.3702164981514,True,True
3082654,0.0456724,19.4158888999373,True,True
3082664,0.0504795,19.4663684014231,True,True
3082674,0.0503703,19.5167386997491,True,True
3082684,0.0518969,19.5686355996877,True,True
3082692,0.0473679,19.6160035002977,True,True
3082702,0.0433366,19.6593401003629,True,True
3082710,0.0450835,19.7044236008078,True,True
3082720,0.0439983,19.748421901837,True,True
3082730,0.0456622,19.7940841000527,True,True
3082738,0.0537102,19.8477942999452,True,True
3082746,0.0371001,19.8848943989724,True,True
3082754,0.0395832,19.9244775976986,True,True
3082762,0.0461961,19.9706736970693,True,True
3082772,0.0442039,20.0148775968701,True,True
3082782,0.0454377,20.0603152979165,True,True
3082790,0.0437305,20.1040457990021,True,True
3082800,0.0447651,20.1488108988851,True,True
3082808,0.0446551,20.1934659983963,True,True
3082816,0.0426892,20.236155198887,True,True
3082826,0.0445768,20.2807320002466,True,True
3082836,0.0459979,20.3267298992723,True,True
3082844,0.0451262,20.3718560989946,True,True
3082852,0.0441889,20.4160450007766,True,True
3082860,0.0428184,20.4588634017855,True,True
3082870,0.0465158,20.5053792018443,True,True
3082878,0.0471555,20.5525347013026,True,True
3082888,0.0401742,20.5927089024335,True,True
3082896,0.0448097,20.637518601492,True,True
3082904,0.044759,20.6822776030749,True,True
3082914,0.0426338,20.7249114047736,True,True
3082924,0.0461619,20.7710733059794,True,True
3082932,0.0454149,20.8164882045239,True,True
3082942,0.0440888,20.8605770040303,True,True
3082950,0.0437142,20.9042912032455,True,True
3082958,0.0465936,20.950884802267,True,True
3082968,0.0409635,20.9918483030051,True,True
3082978,0.0500173,21.0418656039983,True,True
3082986,0.042105,21.0839706044644,True,True
3082994,0.0425162,21.126486806199,True,True
3083002,0.0477902,21.1742770057172,True,True
3083012,0.0393506,21.2136276047677,True,True
3083022,0.0463328,21.2599604036659,True,True
3083030,0.0454238,21.305384201929,True,True
3083038,0.0422054,21.3475896026939,True,True
3083048,0.0437124,21.3913020025939,True,True
3083056,0.0482402,21.439542202279,True,True
3083064,0.044173,21.4837152007967,True,True
3083074,0.0397854,21.5235006008297,True,True
3083084,0.048449,21.5719495993108,True,True
3083092,0.0436114,21.6155609991401,True,True
3083102,0.0414499,21.6570108998567,True,True
3083110,0.0471247,21.7041355986148,True,True
3083120,0.0472751,21.7514106985182,True,True
3083128,0.0441657,21.7955763991922,True,True
3083136,0.0410483,21.8366246987134,True,True
3083146,0.0444652,21.8810898978263,True,True
3083154,0.047596,21.9286858979613,True,True
3083164,0.042387,21.9710728991777,True,True
3083172,0.0449495,22.0160224009305,True,True
3083182,0.0448273,22.0608497019857,True,True
3083188,0.0497676,22.1106173004955,True,True
3083194,0.0274045,22.138021800667,True,True
3083204,0.0353345,22.1733563020825,True,True
3083208,0.0427811,22.2161374017596,True,True
3083214,0.0305104,22.2466478012502,True,True
3083222,0.0227239,22.2693717014045,True,True
3083232,0.0454362,22.3148079011589,True,True
3083240,0.0448889,22.3596967998892,True,True
3083248,0.0351744,22.3948711995035,True,True
3083256,0.0421012,22.4369724001735,True,True
3083266,0.0455835,22.4825559016317,True,True
3083276,0.0441563,22.5267122033983,True,True
3083284,0.0476344,22.5743466038257,True,True
3083292,0.0425008,22.6168474052101,True,True
3083302,0.0437715,22.6606189068407,True,True
3083310,0.0485084,22.7091273050755,True,True
3083320,0.0401901,22.7493174057454,True,True
3083330,0.0559538,22.8052712064236,True,True
3083340,0.0436359,22.8489071074873,True,True
3083346,0.0452178,22.8941249083728,True,True
3083356,0.0431612,22.9372861068696,True,True
3083366,0.0428619,22.9801480080932,True,True
3083374,0.044794,23.0249420087785,True,True
3083384,0.0440528,23.0689948070794,True,True
3083392,0.0467655,23.1157603058964,True,True
3083402,0.0454785,23.1612388063222,True,True
3083410,0.0425679,23.2038067076355,True,True
3083418,0.0454556,23.2492623087019,True,True
3083428,0.0435375,23.2927998099476,True,True
3083434,0.0467953,23.339595111087,True,True
3083442,0.031106,23.3707011118531,True,True
3083448,0.0471036,23.417804710567,True,True
3083454,0.0148736,23.4326783102006,True,True
3083460,0.0503818,23.4830601084977,True,True
3083466,0.0104294,23.4934895085171,True,True
3083474,0.0553154,23.5488049099222,True,True
3083484,0.0244278,23.5732327094302,True,True
3083492,0.0526499,23.6258826097474,True,True
3083500,0.0435532,23.6694358093664,True,True
3083508,0.0274032,23.6968390094116,True,True
3083518,0.0437042,23.7405432099476,True,True
3083526,0.0451546,23.7856978112832,True,True
3083534,0.0372496,23.8229474099353,True,True
3083544,0.0493957,23.8723431089893,True,True
3083554,0.0447477,23.9170908080414,True,True
3083562,0.0483747,23.9654655093327,True,True
3083572,0.0425827,24.0080482074991,True,True
3083582,0.0531256,24.0611738087609,True,True
3083592,0.048582,24.1097558075562,True,True
3083600,0.0470033,24.1567591065541,True,True
3083610,0.0464101,24.203169205226,True,True
3083618,0.0477313,24.2509005041793,True,True
3083628,0.0418327,24.292733204551,True,True
3083636,0.0512605,24.3439937056974,True,True
3083646,0.0361008,24.3800945067778,True,True
3083654,0.043612,24.4237065063789,True,True
3083664,0.0474017,24.4711082065478,True,True
3083672,0.0477778,24.5188860082999,True,True
3083682,0.0412589,24.5601449096575,True,True
3083690,0.0458719,24.6060168081895,True,True
3083698,0.044734,24.6507508093491,True,True
3083708,0.0443699,24.6951207080856,True,True
3083716,0.0429166,24.7380373077467,True,True
3083726,0.0436653,24.7817026088014,True,True
3083734,0.0460853,24.8277879105881,True,True
3083744,0.0420541,24.8698420124128,True,True
3083752,0.0486402,24.9184822114185,True,True
3083762,0.0411531,24.9596353108063,True,True
3083770,0.044861,25.0044963108376,True,True
3083778,0.0451724,25.0496687116101,True,True
3083788,0.0377606,25.0874293120578,True,True
3083796,0.0523531,25.1397824110463,True,True
3083804,0.0473733,25.1871557096019,True,True
3083814,0.0377575,25.2249132106081,True,True
3083822,0.0473424,25.2722556116059,True,True
3083832,0.0410367,25.3132923105732,True,True
3083842,0.046164,25.3594563091174,True,True
3083850,0.0465397,25.4059960106388,True,True
3083858,0.0429883,25.4489843109623,True,True
3083868,0.0442096,25.4931939104572,True,True
3083876,0.0447607,25.5379546107724,True,True
3083886,0.0453351,25.5832897098735,True,True
3083894,0.0425676,25.6258573094383,True,True
3083902,0.0477915,25.6736488090828,True,True
3083908,0.0348396,25.7084884094074,True,True
3083916,0.0287797,25.7372681098059,True,True
3083924,0.0445973,25.781865411438,True,True
3083930,0.0345731,25.8164385119453,True,True
3083938,0.0305675,25.8470060126856,True,True
3083946,0.0457654,25.8927714126185,True,True
3083956,0.0437387,25.9365101130679,True,True
3083964,0.0432847,25.9797948123887,True,True
3083974,0.044827,26.0246218116954,True,True
3083982,0.0475326,26.0721544111148,True,True
3083992,0.0351152,26.107269612141,True,True
3084000,0.0526505,26.1599201122299,True,True
3084010,0.0456714,26.2055915119126,True,True
3084018,0.0424223,26.2480138102546,True,True
3084028,0.0456611,26.2936749095097,True,True
3084036,0.0452899,26.3389648096636,True,True
3084046,0.0435577,26.3825225094333,True,True
3084054,0.0446014,26.4271239088848,True,True
3084064,0.0413983,26.4685222106054,True,True
3084072,0.0463974,26.5149196097627,True,True
3084080,0.0438348,26.558754411526,True,True
3084090,0.0449595,26.603713911958,True,True
3084098,0.0443793,26.6480932133272,True,True
3084108,0.045402,26.6934952149168,True,True
3084116,0.0454525,26.7389477165416,True,True
3084126,0.0425656,26.7815133156255,True,True
3084134,0.0438473,26.8253606157377,True,True
3084144,0.0452211,26.8705817172304,True,True
3084150,0.0514072,26.9219889165834,True,True
3084158,0.0287546,26.9507435159758,True,True
3084162,0.0447679,26.9955114172772,True,True
3084168,0.0161525,27.0116639165208,True,True
3084178,0.0434799,27.0551438173279,True,True
3084182,0.0372283,27.0923721184954,True,True
3084190,0.0157141,27.1080862181261,True,True
3084200,0.0540589,27.1621451163664,True,True
3084206,0.0410452,27.2031903164461,True,True
3084216,0.0404949,27.2436852166429,True,True
3084224,0.0376582,27.2813434163108,True,True
3084234,0.0426074,27.3239508168772,True,True
3084244,0.0446252,27.3685760172084,True,True
3084250,0.0462228,27.4147988157347,True,True
3084260,0.0416807,27.4564795168117,True,True
3084270,0.045171,27.5016505168751,True,True
3084278,0.0440257,27.5456762174144,True,True
3084288,0.0472294,27.5929056191817,True,True
3084298,0.0426111,27.6355167189613,True,True
3084308,0.0508508,27.6863675201312,True,True
3084316,0.0513794,27.7377469213679,True,True
3084326,0.0446102,27.7823571199551,True,True
3084336,0.0433244,27.8256815196946,True,True
3084344,0.052573,27.8782545188442,True,True
3084354,0.0447672,27.923021719791,True,True
3084360,0.0451685,27.9681902201846,True,True
3084368,0.0296893,27.99787952099,True,True
3084372,0.0404881,28.038367622532,True,True
3084380,0.0191649,28.0575325218961,True,True
3084384,0.0473368,28.1048693200573,True,True
3084392,0.0256422,28.1305115194991,True,True
3084400,0.0290316,28.1595431203023,True,True
3084408,0.0387106,28.1982537219301,True,True
3084418,0.0498812,28.2481349231675,True,True
3084426,0.0440003,28.2921352246776,True,True
3084434,0.0439042,28.3360394248739,True,True
3084442,0.0321748,28.3682142244652,True,True
3084452,0.0444391,28.4126533241943,True,True
3084460,0.0463085,28.4589618230239,True,True
3084468,0.0465597,28.5055215219036,True,True
3084480,0.0433031,28.5488246204332,True,True
3084488,0.0456305,28.5944551201537,True,True
3084496,0.0440907,28.6385458195582,True,True
3084506,0.0436167,28.6821625204757,True,True
3084516,0.0445627,28.7267252216116,True,True
3084526,0.0495893,28.7763145202771,True,True
3084534,0.0496897,28.8260042192414,True,True
3084542,0.0458014,28.8718056203797,True,True
3084552,0.042395,28.9142006197944,True,True
3084562,0.0466304,28.9608310209587,True,True
3084570,0.0421621,29.0029931226745,True,True
3084578,0.0467842,29.0497773224488,True,True
3084588,0.0408606,29.0906379232183,True,True
3084596,0.0529614,29.1435993248597,True,True
3084606,0.0424652,29.1860645236447,True,True
3084612,0.0406909,29.22675542254,True,True
3084618,0.0439929,29.2707483218983,True,True
3084626,0.0269076,29.2976559223607,True,True
3084630,0.0346899,29.3323458218947,True,True
3084638,0.024784,29.3571298224851,True,True
3084642,0.032953,29.3900828240439,True,True
3084652,0.0264665,29.416549324058,True,True
3084662,0.059064,29.475613324903,True,True
3084668,0.0458555,29.521468824707,True,True
3084678,0.0241768,29.5456456253305,True,True
3084686,0.0382455,29.5838911244646,True,True
3084694,0.0445056,29.6283967243508,True,True
3084702,0.0427628,29.6711595254019,True,True
3084712,0.043161,29.7143205264583,True,True
3084722,0.0459898,29.7603103267029,True,True
3084730,0.0468642,29.8071745270863,True,True
3084740,0.0416574,29.8488319264725,True,True
3084750,0.0526801,29.9015120277181,True,True
3084760,0.0468557,29.9483677269891,True,True
3084768,0.0473822,29.9957499252632,True,True
3084778,0.0514922,30.0472421245649,True,True
3084788,0.0497184,30.0969605231658,True,True
3084796,0.0405788,30.1375393243507,True,True
3084806,0.0459712,30.1835105242208,True,True
3084814,0.0469067,30.2304172227159,True,True
3084824,0.040357,30.2707742238417,True,True
3084832,0.048996,30.3197702253237,True,True
3084836,0.0451204,30.364890624769,True,True
3084842,0.0123417,30.377232324332,True,True
3084850,0.0377125,30.4149448238313,True,True
3084858,0.0443688,30.4593136236072,True,True
3084864,0.026814,30.4861276242882,True,True
3084872,0.037779,30.5239066239446,True,True
3084880,0.0444969,30.568403525278,True,True
3084890,0.0335502,30.6019537243992,True,True
3084898,0.0455368,30.6474905256182,True,True
3084908,0.0446807,30.6921712253243,True,True
3084916,0.045874,30.7380452249199,True,True
3084926,0.0436469,30.7816921267658,True,True
3084934,0.0456011,30.8272932264954,True,True
3084944,0.0431857,30.8704789262265,True,True
3084952,0.0444802,30.9149591270834,True,True
3084962,0.0513792,30.9663383271545,True,True
3084972,0.0473957,31.0137340258807,True,True
3084980,0.0496331,31.0633671265095,True,True
3084990,0.0440598,31.1074269283563,True,True
3084998,0.0410188,31.1484457273036,True,True
3085006,0.0437763,31.1922220271081,True,True
3085012,0.0432528,31.235474826768,True,True
3085020,0.0279851,31.2634599264711,True,True
3085024,0.0320193,31.2954792249948,True,True
3085032,0.037662,31.3331412244588,True,True
3085040,0.041613,31.3747542258352,True,True
3085046,0.0234845,31.3982387259603,True,True
3085056,0.0374944,31.4357331246138,True,True
3085066,0.0463117,31.4820448234677,True,True
3085072,0.0432944,31.5253392234445,True,True
3085082,0.0447465,31.5700857229531,True,True
3085090,0.0450445,31.6151302233338,True,True
3085100,0.042489,31.6576192229986,True,True
3085108,0.0453286,31.7029478214681,True,True
3085118,0.0415547,31.7445025220513,True,True
3085128,0.0492642,31.7937667220831,True,True
3085138,0.0425547,31.8363214209676,True,True
3085146,0.0541214,31.8904428221285,True,True
3085156,0.0464984,31.9369412213564,True,True
3085166,0.0462149,31.9831561222672,True,True
3085174,0.0457216,32.0288777239621,True,True
3085182,0.0437134,32.0725911222398,True,True
3085192,0.0423578,32.1149489209056,True,True
3085202,0.0440749,32.1590238213539,True,True
3085210,0.047109,32.2061328217387,True,True
3085218,0.0443864,32.2505192235112,True,True
3085226,0.0426281,32.2931473217905,True,True
3085236,0.0413644,32.3345117233694,True,True
3085244,0.0487895,32.3833012245595,True,True
3085254,0.0406169,32.4239181242883,True,True
3085262,0.0503864,32.474304523319,True,True
3085272,0.0427471,32.5170516222715,True,True
3085280,0.0431229,32.5601745210588,True,True
3085288,0.0371136,32.597288120538,True,True
3085298,0.0499241,32.6472122222185,True,True
3085308,0.0450338,32.6922460235655,True,True
3085316,0.0457317,32.7379777245224,True,True
3085324,0.0432447,32.7812224254012,True,True
3085332,0.0436958,32.8249182254076,True,True
3085344,0.0424227,32.8673409260809,True,True
3085352,0.0498523,32.9171932265162,True,True
3085360,0.0403549,32.9575481265783,True,True
3085370,0.0503439,33.0078920274973,True,True
3085378,0.0410885,33.0489805266261,True,True
3085388,0.0423951,33.0913756266236,True,True
3085396,0.0484644,33.1398400254548,True,True
3085404,0.0413582,33.1811982244253,True,True
3085414,0.0440564,33.225254625082,True,True
3085424,0.0455252,33.270779825747,True,True
3085430,0.0468388,33.3176186271012,True,True
3085440,0.0368596,33.3544782288373,True,True
3085450,0.0507349,33.4052131287754,True,True
3085458,0.0446404,33.449853528291,True,True
3085468,0.0453205,33.4951740279794,True,True
3085476,0.0451696,33.5403436273336,True,True
3085484,0.0490508,33.5893944278359,True,True
3085494,0.0362401,33.6256345286965,True,True
3085502,0.0459279,33.6715624295175,True,True
3085512,0.0421636,33.7137260288,True,True
3085520,0.0446801,33.7584061287344,True,True
3085528,0.0445414,33.8029475286603,True,True
3085538,0.0430364,33.8459839299321,True,True
3085548,0.045355,33.891338929534,True,True
3085556,0.0482817,33.939620628953,True,True
3085564,0.0451992,33.984819829464,True,True
3085574,0.0401218,34.0249416306615,True,True
3085582,0.0445581,34.0694997310638,True,True
3085588,0.0392562,34.1087559312582,True,True
3085594,0.0321211,34.1408770307899,True,True
3085600,0.0302961,34.1711731310934,True,True
3085606,0.0451345,34.2163076307625,True,True
3085614,0.0217711,34.2380787301809,True,True
3085618,0.0297978,34.2678765300661,True,True
3085628,0.0343689,34.3022454287857,True,True
3085638,0.0575634,34.3598088305444,True,True
3085642,0.0422623,34.4020711313933,True,True
3085652,0.0045834,34.4066545316018,True,True
3085660,0.0650078,34.4716623299755,True,True
3085668,0.0441817,34.5158440307714,True,True
3085678,0.0301058,34.545949830208,True,True
3085688,0.0488197,34.5947695286013,True,True
3085700,0.051861,34.6466305279173,True,True
3085710,0.0530291,34.6996596292593,True,True
3085722,0.0581451,34.7578047276475,True,True
3085734,0.0543015,34.8121062279679,True,True
3085742,0.058934,34.8710402273573,True,True
3085752,0.0479028,34.9189430275001,True,True
3085762,0.0503042,34.9692472280003,True,True
3085772,0.0500264,35.0192736261524,True,True
3085782,0.0429254,35.0621990249492,True,True
3085790,0.0488826,35.1110816248693,True,True
3085800,0.0475645,35.1586461239494,True,True
3085808,0.0450568,35.2037029252388,True,True
3085818,0.0447582,35.2484611258842,True,True
3085828,0.0456713,35.2941324249841,True,True
3085836,0.0457918,35.3399242260493,True,True
3085846,0.0429477,35.3828719244339,True,True
3085852,0.0446748,35.4275467232801,True,True
3085862,0.0371759,35.4647226245143,True,True
3085872,0.0505232,35.5152458236553,True,True
3085880,0.0443538,35.5595996254124,True,True
3085888,0.0460496,35.6056492240168,True,True
3085898,0.0366733,35.6423225239851,True,True
3085906,0.0493337,35.6916562230326,True,True
3085916,0.0454088,35.737065023277,True,True
3085924,0.0452391,35.782304121647,True,True
3085932,0.038722,35.8210261226632,True,True
3085942,0.0422274,35.8632535212673,True,True
3085952,0.0527808,35.916034320835,True,True
3085958,0.0423544,35.958388722036,True,True
3085968,0.0421336,36.0005223215558,True,True
3085978,0.0470141,36.0475364201702,True,True
3085988,0.04553,36.0930664190091,True,True
3085996,0.0458073,36.138873717282,True,True
3086004,0.0451643,36.1840380155481,True,True
3086012,0.0367456,36.2207836159505,True,True
3086022,0.0498142,36.2705978141166,True,True
3086030,0.0418331,36.3124309130944,True,True
3086040,0.0455494,36.3579803132452,True,True
3086050,0.0434654,36.4014457114972,True,True
3086058,0.0463675,36.4478132114746,True,True
3086066,0.0469585,36.4947717101313,True,True
3086076,0.0407314,36.5355031103827,True,True
3086084,0.0458789,36.5813820087351,True,True
3086094,0.0466156,36.627997609321,True,True
3086102,0.0433284,36.6713260100223,True,True
3086112,0.0428714,36.7141974107362,True,True
3086120,0.0448824,36.7590798125602,True,True
3086130,0.0466352,36.8057150118984,True,True
3086138,0.046262,36.8519770116545,True,True
3086146,0.041631,36.8936080099083,True,True
3086156,0.0406535,36.9342615106143,True,True
3086164,0.0469927,36.9812542111613,True,True
3086172,0.0453629,37.0266171121039,True,True
3086182,0.0450901,37.0717072137631,True,True
3086190,0.0440086,37.11571581522,True,True
3086196,0.0452778,37.160993615631,True,True
3086202,0.0217507,37.1827443153597,True,True
3086208,0.031599,37.2143433154561,True,True
3086216,0.031391,37.2457343139686,True,True
3086222,0.0558924,37.3016267144121,True,True
3086230,0.0077883,37.3094150144607,True,True
3086238,0.0585546,37.3679696153849,True,True
3086248,0.0307187,37.3986883144826,True,True
3086256,0.0486778,37.4473661128432,True,True
3086266,0.0350939,37.4824600126594,True,True
3086274,0.0458862,37.5283462125808,True,True
3086282,0.039373,37.5677192118019,True,True
3086292,0.0517031,37.6194223109633,True,True
3086300,0.0399293,37.6593516115099,True,True
3086310,0.0463246,37.7056762110442,True,True
3086320,0.0460318,37.7517080102116,True,True
3086330,0.0527419,37.804449910298,True,True
3086340,0.0462508,37.8507007118315,True,True
3086350,0.0547558,37.9054565113038,True,True
3086358,0.0473994,37.9528559129685,True,True
3086368,0.0406406,37.9934965129942,True,True
3086376,0.0456262,38.0391227137297,True,True
3086384,0.0449443,38.0840670149773,True,True
3086392,0.0435845,38.1276515144855,True,True
3086402,0.0414821,38.1691336128861,True,True
3086412,0.047326,38.2164596114308,True,True
3086420,0.043338,38.2597976122051,True,True
3086428,0.0459573,38.3057549130172,True,True
3086438,0.0422302,38.3479851130396,True,True
3086448,0.0441476,38.3921327125281,True,True
3086456,0.0466209,38.4387536142021,True,True
3086466,0.042563,38.4813166130334,True,True
3086474,0.0481496,38.5294662136585,True,True
3086478,0.0418075,38.5712737124413,True,True
3086486,0.0206607,38.5919344127178,True,True
3086490,0.0394325,38.6313669122756,True,True
3086498,0.0244811,38.6558480113745,True,True
3086504,0.0368376,38.692685611546,True,True
3086512,0.0317831,38.7244687117636,True,True
3086518,0.0343898,38.758858513087,True,True
3086526,0.0312239,38.7900824137032,True,True
3086530,0.0404448,38.8305272124708,True,True
3086540,0.0307428,38.861270012334,True,True
3086550,0.0416304,38.9029004108161,True,True
3086558,0.0462894,38.9491898100823,True,True
3086566,0.0447356,38.9939254093915,True,True
3086576,0.0443778,39.0383032094687,True,True
3086580,0.0455697,39.0838729087263,True,True
3086586,0.0135603,39.0974332084879,True,True
3086592,0.0544955,39.1519287070259,True,True
3086598,0.0164012,39.1683299066499,True,True
3086606,0.0205417,39.1888716062531,True,True
3086614,0.0672449,39.2561165085062,True,True
3086620,0.0373284,39.293444908224,True,True
3086630,0.0166666,39.3101115087047,True,True
3086638,0.0380515,39.3481630096212,True,True
3086648,0.0453664,39.3935294086114,True,True
3086654,0.0466674,39.4401968093589,True,True
3086664,0.0411961,39.4813929097727,True,True
3086674,0.0454573,39.5268502095714,True,True
3086682,0.0446424,39.5714926095679,True,True
3086690,0.0440907,39.6155833089724,True,True
3086700,0.0443477,39.659931008704,True,True
3086712,0.0461782,39.7061092080548,True,True
3086720,0.0530203,39.7591295065358,True,True
3086730,0.0476813,39.806810808368,True,True
3086740,0.0497882,39.8565990077332,True,True
3086750,0.0433123,39.8999113077298,True,True
3086758,0.0468302,39.9467415073887,True,True
3086766,0.0441808,39.9909223066643,True,True
3086776,0.0467969,40.0377192059532,True,True
3086786,0.0444554,40.0821746075526,True,True
3086794,0.0474595,40.1296341093257,True,True
3086798,0.0409561,40.170590207912,True,True
3086806,0.0205361,40.1911263084039,True,True
3086812,0.0467993,40.2379256067798,True,True
3086818,0.0277452,40.2656708071008,True,True
3086822,0.0279545,40.2936253072694,True,True
3086832,0.029635,40.3232603063807,True,True
3086840,0.0580318,40.381292107515,True,True
3086848,0.0165676,40.397859708406,True,True
3086856,0.052811,40.4506707089022,True,True
3086866,0.0430406,40.4937113085762,True,True
3086874,0.0418713,40.535582610406,True,True
3086882,0.0439338,40.579516411759,True,True
3086892,0.0396488,40.6191652128473,True,True
3086900,0.0439545,40.6631197119132,True,True
3086910,0.0450989,40.7082186127082,True,True
3086918,0.042201,40.7504196139053,True,True
3086928,0.0469086,40.7973282122985,True,True
3086938,0.0513036,40.8486318113282,True,True
3086948,0.0469311,40.8955629104748,True,True
3086956,0.0437239,40.9392868103459,True,True
3086966,0.0422037,40.9814905086532,True,True
3086976,0.0556572,41.0371477091685,True,True
3086984,0.0455336,41.0826813103631,True,True
3086992,0.0504934,41.133174710907,True,True
3087002,0.0399173,41.1730920122936,True,True
3087012,0.0440503,41.2171423109248,True,True
3087020,0.0447642,41.2619065092877,True,True
3087028,0.0429332,41.3048397088423,True,True
3087036,0.041619,41.3464587079361,True,True
3087046,0.0403572,41.3868159065023,True,True
3087054,0.0488347,41.4356506066397,True,True
3087064,0.0443199,41.4799705082551,True,True
3087074,0.0398014,41.5197719084099,True,True
3087082,0.0502783,41.5700502069667,True,True
3087090,0.0446282,41.6146784061566,True,True
3087100,0.045192,41.6598704056814,True,True
3087110,0.0436514,41.7035218039528,True,True
3087116,0.0481887,41.7517105052248,True,True
3087122,0.0313767,41.7830872060731,True,True
3087130,0.0312365,41.8143237056211,True,True
3087136,0.0392865,41.8536102073267,True,True
3087144,0.0279641,41.8815743075684,True,True
3087150,0.041933,41.9235073076561,True,True
3087158,0.0334237,41.9569310070947,True,True
3087162,0.0347016,41.9916326077655,True,True
3087168,0.0255573,42.0171899078414,True,True
3087176,0.0341488,42.0513387089595,True,True
3087184,0.0325834,42.0839221095666,True,True
3087188,0.0451663,42.1290884083137,True,True
3087196,0.0203641,42.1494525084272,True,True
3087200,0.0304006,42.1798531087115,True,True
3087210,0.0318306,42.2116837101057,True,True
3087220,0.0590395,42.2707232097164,True,True
3087226,0.0449906,42.3157138088718,True,True
3087236,0.0231323,42.3388461088762,True,True
3087244,0.0513957,42.390241808258,True,True
3087252,0.0358244,42.4260662076995,True,True
3087260,0.0435771,42.4696433087811,True,True
3087270,0.0382722,42.5079155070707,True,True
3087280,0.0489816,42.5568971065804,True,True
3087288,0.0471062,42.6040033055469,True,True
3087298,0.043995,42.6479983059689,True,True
3087306,0.0453707,42.6933690076694,True,True
3087318,0.0452318,42.7386008081958,True,True
3087326,0.0572671,42.7958679078147,True,True
3087338,0.0419809,42.8378488076851,True,True
3087346,0.054388,42.8922368092462,True,True
3087356,0.0447079,42.9369447110221,True,True
3087364,0.0455635,42.9825082113966,True,True
3087374,0.0409853,43.0234935125336,True,True
3087382,0.0463885,43.0698820119724,True,True
3087390,0.0423618,43.1122438115999,True,True
3087400,0.0492005,43.1614443128929,True,True
3087408,0.0435606,43.2050049146637,True,True
3087418,0.0430608,43.2480657128617,True,True
3087426,0.0450958,43.2931615142152,True,True
3087436,0.0433213,43.3364828145131,True,True
3087442,0.048064,43.3845468154177,True,True
3087448,0.0287418,43.4132886147127,True,True
3087456,0.0339116,43.4472002154216,True,True
3087462,0.0354859,43.4826861163601,True,True
3087470,0.0327475,43.5154336160049,True,True
3087474,0.0449681,43.5604017144069,True,True
3087482,0.0263648,43.5867665139958,True,True
3087490,0.0293087,43.6160752130672,True,True
3087500,0.0569632,43.6730384146795,True,True
3087504,0.041422,43.7144604129717,True,True
3087512,0.0119223,43.7263827128336,True,True
3087520,0.0563327,43.7827154127881,True,True
3087530,0.0253816,43.8080970132723,True,True
3087538,0.0518401,43.8599371137097,True,True
3087548,0.0419791,43.9019162142649,True,True
3087556,0.0463253,43.9482415141538,True,True
3087564,0.0345935,43.9828350143507,True,True
3087572,0.043073,44.0259080128744,True,True
3087582,0.0424669,44.0683749141172,True,True
3087592,0.0470712,44.1154461139813,True,True
3087600,0.0517085,44.1671546148136,True,True
3087610,0.0403186,44.207473215647,True,True
3087620,0.0493257,44.2567989164963,True,True
3087628,0.0487336,44.3055325159803,True,True
3087638,0.0437366,44.349269115366,True,True
3087648,0.042968,44.3922371165827,True,True
3087658,0.0531344,44.4453715169802,True,True
3087666,0.0473053,44.492676817812,True,True
3087676,0.0453828,44.5380596192554,True,True
3087684,0.0457681,44.5838277200237,True,True
3087694,0.0439947,44.6278224186972,True,True
3087702,0.0442286,44.6720510171726,True,True
3087710,0.0427978,44.7148488173261,True,True
3087720,0.0439064,44.758755219169,True,True
3087728,0.0532912,44.8120464207605,True,True
3087738,0.0345695,44.846615918912,True,True
3087746,0.0454409,44.8920568199828,True,True
3087754,0.0436638,44.9357206197456,True,True
3087762,0.0447084,44.9804290207103,True,True
3087772,0.0394353,45.0198643216863,True,True
3087782,0.0505685,45.0704328203574,True,True
3087790,0.0446653,45.1150981197134,True,True
3087800,0.0457633,45.1608614185825,True,True
3087806,0.046985,45.2078464189544,True,True
3087812,0.0260566,45.233903019689,True,True
3087820,0.0365863,45.2704893192276,True,True
3087826,0.0454967,45.3159860176966,True,True
3087834,0.0181304,45.3341164169833,True,True
3087842,0.0511267,45.385243116878,True,True
3087850,0.0430933,45.4283364182338,True,True
3087856,0.0419512,45.4702876200899,True,True
3087866,0.0126021,45.4828897202387,True,True
3087874,0.056023,45.5389127219096,True,True
3087882,0.0395735,45.5784862237051,True,True
3087890,0.040044,45.6185302222148,True,True
3087900,0.0405987,45.6591289239004,True,True
3087908,0.0468089,45.7059378223494,True,True
3087918,0.0421683,45.7481061229482,True,True
3087926,0.044436,45.7925421232358,True,True
3087936,0.0432749,45.8358170250431,True,True
3087946,0.0534814,45.889298425056,True,True
3087956,0.0499912,45.9392896266654,True,True
3087966,0.0465132,45.9858028264716,True,True
3087976,0.0506498,46.0364526258782,True,True
3087984,0.0486343,46.0850869240239,True,True
3087994,0.041211,46.1262979255989,True,True
3088000,0.04594,46.1722379261628,True,True
3088012,0.0422892,46.214527127333,True,True
3088020,0.0469682,46.2614953266457,True,True
3088028,0.0442706,46.3057659277692,True,True
3088036,0.0451986,46.3509645285085,True,True
3088044,0.0333232,46.3842877270654,True,True
3088054,0.0450243,46.4293120289221,True,True
3088062,0.0468083,46.4761203275993,True,True
3088072,0.0437649,46.5198852280155,True,True
3088080,0.0449017,46.5647869268432,True,True
3088090,0.0470624,46.6118493275717,True,True
3088098,0.0447962,46.6566455261782,True,True
3088108,0.0448175,46.7014630259946,True,True
3088118,0.0456464,46.7471094252542,True,True
3088126,0.045675,46.7927844235674,True,True
3088136,0.0459693,46.8387537235394,True,True
3088144,0.0456954,46.8844491252676,True,True
3088152,0.0387638,46.9232129240409,True,True
3088162,0.0494378,46.9726507226005,True,True
3088170,0.043008,47.0156587222591,True,True
3088180,0.0448962,47.0605549225584,True,True
3088188,0.0475529,47.1081078210846,True,True
3088196,0.0408838,47.1489916192368,True,True
3088206,0.0415342,47.1905258195475,True,True
3088216,0.0481729,47.238698718138,True,True
3088224,0.0438921,47.2825908185914,True,True
3088232,0.0467484,47.3293392183259,True,True
3088242,0.0416718,47.3710110196844,True,True
3088250,0.0463859,47.4173969188705,True,True
3088260,0.0415181,47.4589150184765,True,True
3088268,0.0464468,47.5053618187085,True,True
3088278,0.0404336,47.5457954192534,True,True
3088286,0.0471952,47.5929906191304,True,True
3088296,0.0470436,47.6400342183188,True,True
3088302,0.0436764,47.6837106170133,True,True
3088312,0.0418042,47.7255148151889,True,True
3088322,0.0464626,47.771977414377,True,True
3088330,0.0431701,47.8151475125924,True,True
3088340,0.0430664,47.858213913627,True,True
3088348,0.044964,47.9031779142097,True,True
3088356,0.0429544,47.9461323143914,True,True
3088366,0.0445868,47.9907191144302,True,True
3088374,0.0476011,48.0383202144876,True,True
3088384,0.0423429,48.0806631157175,True,True
3088392,0.0458734,48.1265365155414,True,True
3088400,0.0437032,48.1702397139743,True,True
3088410,0.0386838,48.2089235121384,True,True
3088420,0.0480902,48.2570137130097,True,True
3088428,0.0470494,48.304063112475,True,True
3088438,0.0457017,48.349764813669,True,True
3088446,0.0430189,48.392783713527,True,True
3088454,0.0423727,48.435156413354,True,True
3088462,0.0450647,48.4802211122587,True,True
3088472,0.0396533,48.5198744134977,True,True
3088482,0.0498637,48.5697381133214,True,True
3088490,0.0460534,48.6157915117219,True,True
3088500,0.0430492,48.6588407130912,True,True
3088508,0.0470074,48.7058481136337,True,True
3088518,0.0385467,48.7443948136643,True,True
3088524,0.051205,48.7955998154357,True,True
3088530,0.043673,48.8392728166655,True,True
3088538,0.0284494,48.8677222160622,True,True
3088548,0.0473319,48.9150541154668,True,True
3088558,0.0369061,48.9519602162763,True,True
3088566,0.042217,48.9941772175953,True,True
3088576,0.0440285,49.0382057158276,True,True
3088582,0.0417408,49.079946517013,True,True
3088592,0.0453253,49.1252718186006,True,True
3088602,0.0476415,49.1729133194312,True,True
3088610,0.0445085,49.2174218175933,True,True
3088618,0.0426247,49.2600465184078,True,True
3088628,0.0434299,49.3034764183685,True,True
3088636,0.0457609,49.3492373181507,True,True
3088646,0.04146,49.3906973181292,True,True
3088656,0.0584546,49.4491519173607,True,True
3088664,0.040617,49.4897689176723,True,True
3088674,0.0396523,49.5294212168083,True,True
3088682,0.0449543,49.574375516735,True,True
3088692,0.0419515,49.6163270166144,True,True
3088700,0.0502175,49.6665445184335,True,True
3088710,0.0486628,49.7152073187754,True,True
3088718,0.0455169,49.7607242194936,True,True
3088728,0.0425579,49.8032821184024,True,True
3088738,0.0498125,49.8530946178362,True,True
3088746,0.0418162,49.8949108188972,True,True
3088756,0.0422936,49.9372044196352,True,True
3088764,0.0448423,49.9820467187092,True,True
3088772,0.0423623,50.0244090175256,True,True
3088782,0.046394,50.0708030192181,True,True
3088790,0.043574,50.1143770208582,True,True
3088800,0.0444432,50.1588202221319,True,True
3088808,0.0475639,50.2063841214404,True,True
3088818,0.0403693,50.2467534197494,True,True
3088826,0.046129,50.2928824191913,True,True
3088834,0.044689,50.3375714188442,True,True
3088844,0.0421966,50.3797680204734,True,True
3088852,0.0480292,50.427797219716,True,True
3088856,0.0439504,50.4717476209626,True,True
3088866,0.0173071,50.4890547217801,True,True
3088872,0.0464573,50.5355120236054,True,True
3088876,0.0260107,50.5615227231756,True,True
3088884,0.0236409,50.5851636240259,True,True
3088892,0.0615607,50.6467243256047,True,True
3088902,0.0324493,50.679173626937,True,True
3088910,0.0451349,50.7243085252121,True,True
3088918,0.0297221,50.7540306253359,True,True
3088928,0.0436559,50.7976865237579,True,True
3088936,0.0478463,50.8455328224227,True,True
3088944,0.0453934,50.8909262223169,True,True
3088952,0.0401133,50.931039522402,True,True
3088962,0.0427896,50.9738291231915,True,True
3088972,0.0454517,51.0192808238789,True,True
3088982,0.0453226,51.0646034246311,True,True
3088990,0.051461,51.1160644246265,True,True
3089000,0.0464164,51.1624808227643,True,True
3089010,0.0477119,51.210192724131,True,True
3089018,0.0467542,51.2569469241425,True,True
3089028,0.0440132,51.3009601226076,True,True
3089036,0.0443422,51.3453023238108,True,True
3089046,0.045677,51.3909793226048,True,True
3089054,0.0476596,51.4386389208958,True,True
3089064,0.0458811,51.4845200208947,True,True
3089072,0.046393,51.5309130204841,True,True
3089082,0.0482357,51.5791487200186,True,True
3089090,0.0383008,51.6174495210871,True,True
3089100,0.0472802,51.6647297209129,True,True
3089106,0.0419471,51.7066768212244,True,True
3089112,0.03448,51.7411568230018,True,True
3089120,0.0300527,51.7712095221505,True,True
3089124,0.0450173,51.8162268204615,True,True
3089132,0.012971,51.829197820276,True,True
3089138,0.0555531,51.8847509212792,True,True
3089148,0.0264203,51.9111712221056,True,True
3089158,0.0504899,51.9616611208767,True,True
3089164,0.0445365,52.0061976220459,True,True
3089172,0.0226698,52.0288674216717,True,True
3089182,0.0437882,52.0726556200534,True,True
3089190,0.0468025,52.1194581184536,True,True
3089200,0.0397187,52.1591768171638,True,True
3089208,0.0456685,52.2048453185707,True,True
3089216,0.0419338,52.2467791195959,True,True
3089226,0.0475959,52.294375019148,True,True
3089236,0.0443102,52.3386852201074,True,True
3089246,0.0514571,52.390142319724,True,True
3089254,0.0466813,52.4368236195296,True,True
3089264,0.0470904,52.48391401954,True,True
3089274,0.0518978,52.5358118209988,True,True
3089282,0.0440693,52.5798811223358,True,True
3089292,0.0459928,52.6258739214391,True,True
3089302,0.0475743,52.673448221758,True,True
3089310,0.0408396,52.7142878230661,True,True
3089318,0.0469541,52.761241922155,True,True
3089328,0.0435368,52.8047787230462,True,True
3089336,0.0439339,52.8487126212567,True,True
3089346,0.0438158,52.8925284203142,True,True
3089354,0.0448664,52.9373948220164,True,True
3089364,0.0414202,52.9788150209934,True,True
3089372,0.047441,53.0262560192496,True,True
3089380,0.0431684,53.0694244187325,True,True
3089390,0.0432256,53.112650020048,True,True
3089400,0.0471208,53.1597708184272,True,True
3089408,0.0457465,53.2055173199624,True,True
3089418,0.0423041,53.2478214185685,True,True
3089426,0.0476108,53.2954322192818,True,True
3089432,0.045607,53.3410392198712,True,True
3089440,0.0300238,53.3710630200803,True,True
3089446,0.0374627,53.4085257202387,True,True
3089454,0.0319927,53.4405184201896,True,True
3089458,0.0437845,53.484302919358,True,True
3089466,0.0162151,53.5005180202425,True,True
3089472,0.0499798,53.5504978187382,True,True
3089478,0.0263228,53.5768206194043,True,True
3089484,0.0251272,53.6019478198141,True,True
3089492,0.0338603,53.6358081195503,True,True
3089498,0.0297669,53.6655750200152,True,True
3089508,0.0358075,53.7013825215399,True,True
3089518,0.0532406,53.7546231225133,True,True
3089524,0.0420654,53.7966885231435,True,True
3089532,0.0289947,53.8256832230836,True,True
3089542,0.045525,53.8712082225829,True,True
3089550,0.0452628,53.9164710212499,True,True
3089560,0.0444267,53.9608977194875,True,True
3089568,0.0453413,54.006239021197,True,True
3089578,0.0487622,54.0550012197346,True,True
3089586,0.0456688,54.1006700191647,True,True
3089596,0.0473433,54.1480133179575,True,True
3089606,0.0446887,54.1927020195872,True,True
3089616,0.04776,54.2404620181769,True,True
3089626,0.0515214,54.2919834200293,True,True
3089634,0.0465568,54.3385402206331,True,True
3089644,0.0427832,54.381323421374,True,True
3089652,0.047945,54.4292684216052,True,True
3089660,0.0429112,54.4721796233207,True,True
3089668,0.0366081,54.5087877232581,True,True
3089678,0.047357,54.5561447236687,True,True
3089686,0.0453098,54.6014545243233,True,True
3089696,0.0461331,54.6475876253098,True,True
3089704,0.0363061,54.6838937271386,True,True
3089714,0.0541762,54.7380699273199,True,True
3089722,0.0424467,54.7805166263133,True,True
3089730,0.043752,54.8242686260492,True,True
3089740,0.0398507,54.8641193266958,True,True
3089750,0.0486149,54.912734227255,True,True
3089760,0.0476478,54.9603820275515,True,True
3089768,0.0445087,55.0048907268792,True,True
3089776,0.0410903,55.0459810253233,True,True
3089786,0.0498858,55.0958668235689,True,True
3089794,0.0424453,55.1383121218532,True,True
3089804,0.0411462,55.1794583220035,True,True
3089812,0.0450372,55.2244955208153,True,True
3089822,0.0461552,55.2706507202238,True,True
3089828,0.0424878,55.3131385203451,True,True
3089838,0.0458001,55.3589386213571,True,True
3089848,0.0448727,55.4038113225251,True,True
3089856,0.0486876,55.4524989221245,True,True
3089866,0.0401312,55.4926301222295,True,True
3089874,0.0452363,55.5378664229065,True,True
3089882,0.0441835,55.5820499230176,True,True
3089892,0.0419932,55.6240431237966,True,True
3089896,0.0466741,55.6707172226161,True,True
3089904,0.0190203,55.6897375229746,True,True
3089908,0.0459189,55.7356564234942,True,True
3089916,0.0141644,55.7498208237812,True,True
3089920,0.0525531,55.80237392243,True,True
3089930,0.0139522,55.816326122731,True,True
3089936,0.0605572,55.8768833242357,True,True
3089944,0.007948,55.8848313242197,True,True
3089954,0.05456,55.9393913224339,True,True
3089960,0.0473632,55.9867545217276,True,True
3089970,0.0313159,56.0180704221129,True,True
3089978,0.0413493,56.059419721365,True,True
3089988,0.0462149,56.1056346222758,True,True
3089996,0.0446199,56.1502545215189,True,True
3090006,0.0410506,56.1913051232696,True,True
3090014,0.0468057,56.2381108216941,True,True
3090024,0.0418831,56.2799939215183,True,True
3090034,0.0500458,56.3300397209823,True,True
3090044,0.0508247,56.3808644227684,True,True
3090054,0.0483847,56.4292491227388,True,True
3090064,0.0520767,56.4813258238137,True,True
3090070,0.0489336,56.5302594229579,True,True
3090078,0.0318807,56.562140122056,True,True
3090086,0.0417948,56.6039349213243,True,True
3090088,0.0432772,56.6472121216357,True,True
3090096,0.0061982,56.6534103215672,True,True
3090102,0.0586603,56.7120706201531,True,True
3090112,0.0165917,56.728662319947,True,True
3090120,0.0565884,56.7852507201023,True,True
3090128,0.0244862,56.8097369209863,True,True
3090136,0.0397555,56.8494924218394,True,True
3090146,0.0432479,56.8927403227426,True,True
3090154,0.0457567,56.9384970241226,True,True
3090164,0.0397009,56.9781979233958,True,True
3090172,0.0474573,57.0256552235223,True,True
3090180,0.0456999,57.0713551216759,True,True
3090190,0.0426355,57.1139906221069,True,True
3090200,0.0486212,57.162611822132,True,True
3090210,0.0510522,57.2136640236713,True,True
3090220,0.0474556,57.2611196250655,True,True
3090230,0.0521064,57.3132260241546,True,True
3090240,0.0494964,57.3627224252559,True,True
3090248,0.0532788,57.416001225356,True,True
3090252,0.0297394,57.4457406257279,True,True
3090260,0.032158,57.47789862426,True,True
3090264,0.0428881,57.5207867254503,True,True
3090272,0.0104877,57.5312744253315,True,True
3090276,0.0520037,57.5832781256177,True,True
3090284,0.0100526,57.5933307255618,True,True
3090296,0.0596848,57.6530155274086,True,True
3090302,0.0399541,57.6929696272127,True,True
3090310,0.0415917,57.7345613273792,True,True
3090320,0.033594,57.7681553284638,True,True
3090328,0.0450248,57.8131801295094,True,True
3090336,0.0466673,57.8598474296741,True,True
3090346,0.032365,57.8922124314122,True,True
3090354,0.0453328,57.9375452320091,True,True
3090364,0.0496545,57.9871997307055,True,True
3090372,0.0401304,58.027330129873,True,True
3090382,0.0495908,58.0769209298305,True,True
3090392,0.0461534,58.1230743299238,True,True
3090402,0.047154,58.1702283280902,True,True
3090410,0.046932,58.217160328757,True,True
3090420,0.0500227,58.2671830276959,True,True
3090430,0.0454173,58.3126003290527,True,True
3090438,0.0453291,58.3579294304363,True,True
3090448,0.046307,58.4042364316992,True,True
3090456,0.0461311,58.4503675322048,True,True
3090466,0.0428111,58.4931786316447,True,True
3090474,0.0428929,58.5360715310089,True,True
3090484,0.0426222,58.5786937321536,True,True
3090492,0.0475045,58.6261982317083,True,True
3090500,0.0433908,58.669589031022,True,True
3090510,0.0442782,58.7138672317378,True,True
3090518,0.0448484,58.7587156328373,True,True
3090526,0.0459657,58.8046813341789,True,True
3090536,0.0413187,58.8460000338964,True,True
3090546,0.0455058,58.8915058332495,True,True
3090554,0.047824,58.9393298323266,True,True
3090564,0.0443021,58.9836319307797,True,True
3090572,0.0455839,59.0292158308439,True,True
3090580,0.0427277,59.0719435322098,True,True
3090590,0.0448074,59.1167509327643,True,True
3090598,0.0398496,59.1566005344503,True,True
3090608,0.0494374,59.2060379344039,True,True
3090618,0.0438208,59.2498587328009,True,True
3090626,0.046187,59.2960457312875,True,True
3090634,0.043251,59.3392967316322,True,True
3090642,0.045314,59.384610730689,True,True
3090648,0.0327494,59.4173601302318,True,True
3090656,0.0309139,59.4482740308158,True,True
3090660,0.0443745,59.4926485302858,True,True
3090668,0.0141466,59.5067951302044,True,True
3090672,0.0524393,59.5592344286852,True,True
3090682,0.0137222,59.5729566286318,True,True
3090690,0.0555913,59.6285479287617,True,True
3090698,0.0413135,59.669861427974,True,True
3090708,0.0358891,59.7057505282573,True,True
3090716,0.0416696,59.7474201279692,True,True
3090724,0.0449158,59.7923359270208,True,True
3090732,0.0435351,59.8358710254543,True,True
3090742,0.0390198,59.8748908261769,True,True
3090750,0.0435661,59.9184569264762,True,True
3090760,0.0522523,59.9707092265598,True,True
3090768,0.0438504,60.0145596261136,True,True
3090778,0.045429,60.059988624882,True,True
3090788,0.0441496,60.1041382248513,True,True
3090798,0.0481911,60.1523293252103,True,True
3090806,0.0509329,60.2032622243278,True,True
3090816,0.0428958,60.2461580256931,True,True
3090826,0.0470713,60.2932293261401,True,True
3090834,0.0454642,60.3386935251765,True,True
3090844,0.041893,60.3805865268223,True,True
3090852,0.0475127,60.4280992257409,True,True
3090860,0.0458857,60.4739849264733,True,True
3090870,0.0394607,60.5134456264786,True,True
3090878,0.0448141,60.558259725105,True,True
3090888,0.0457336,60.6039933259599,True,True
3090896,0.0449763,60.6489696274512,True,True
3090904,0.0428789,60.6918485271744,True,True
3090910,0.0369455,60.7287940266542,True,True
3090916,0.0282495,60.7570435269736,True,True
3090924,0.0373502,60.7943937270902,True,True
3090930,0.0375016,60.8318953267299,True,True
3090938,0.0281425,60.8600378273986,True,True
3090942,0.0455011,60.9055389291607,True,True
3090950,0.0144527,60.9199916287325,True,True
3090954,0.0548842,60.9748758277856,True,True
3090962,0.0146034,60.9894792274572,True,True